study,mode,qps,arm,seed,n_trials,n_invalid,invalid_rate,cumulative_cost,best_goodput,nb_capacity_violations,nb_trials_with_nb,best_trial_num_blocks,trials_to_target
p4-2d-q12-A-s1,2d,12.0,A,1,30,0,0.0,30.0,8.9573,0,0,,6
p4-2d-q12-A-s10,2d,12.0,A,10,30,0,0.0,30.0,8.9587,0,0,,6
p4-2d-q12-A-s2,2d,12.0,A,2,30,0,0.0,30.0,8.9573,0,0,,6
p4-2d-q12-A-s3,2d,12.0,A,3,30,0,0.0,30.0,8.9573,0,0,,3
p4-2d-q12-A-s4,2d,12.0,A,4,30,0,0.0,30.0,8.9573,0,0,,1
p4-2d-q12-A-s5,2d,12.0,A,5,30,0,0.0,30.0,8.958,0,0,,6
p4-2d-q12-A-s6,2d,12.0,A,6,30,0,0.0,30.0,8.9573,0,0,,1
p4-2d-q12-A-s7,2d,12.0,A,7,30,0,0.0,30.0,8.9573,0,0,,3
p4-2d-q12-A-s8,2d,12.0,A,8,30,0,0.0,30.0,8.9573,0,0,,1
p4-2d-q12-A-s9,2d,12.0,A,9,30,0,0.0,30.0,9.017,0,0,,7
p4-2d-q12-M-s1,2d,12.0,M,1,30,0,0.0,30.0,8.9573,0,0,,6
p4-2d-q12-M-s10,2d,12.0,M,10,30,0,0.0,30.0,8.9587,0,0,,6
p4-2d-q12-M-s2,2d,12.0,M,2,30,0,0.0,30.0,8.9573,0,0,,6
p4-2d-q12-M-s3,2d,12.0,M,3,30,0,0.0,30.0,8.9573,0,0,,3
p4-2d-q12-M-s4,2d,12.0,M,4,30,0,0.0,30.0,8.9573,0,0,,1
p4-2d-q12-M-s5,2d,12.0,M,5,30,0,0.0,30.0,8.958,0,0,,6
p4-2d-q12-M-s6,2d,12.0,M,6,30,0,0.0,30.0,8.9573,0,0,,1
p4-2d-q12-M-s7,2d,12.0,M,7,30,0,0.0,30.0,8.9573,0,0,,3
p4-2d-q12-M-s8,2d,12.0,M,8,30,0,0.0,30.0,8.9573,0,0,,1
p4-2d-q12-M-s9,2d,12.0,M,9,30,0,0.0,30.0,9.017,0,0,,7
p4-2d-q12-N-s1,2d,12.0,N,1,30,11,0.3667,63.0,8.9573,0,0,,6
p4-2d-q12-N-s10,2d,12.0,N,10,30,11,0.3667,63.0,8.9573,0,0,,6
p4-2d-q12-N-s2,2d,12.0,N,2,30,11,0.3667,63.0,8.9573,0,0,,13
p4-2d-q12-N-s3,2d,12.0,N,3,30,10,0.3333,60.0,8.9573,0,0,,3
p4-2d-q12-N-s4,2d,12.0,N,4,30,10,0.3333,60.0,8.9573,0,0,,2
p4-2d-q12-N-s5,2d,12.0,N,5,30,8,0.2667,54.0,8.9573,0,0,,6
p4-2d-q12-N-s6,2d,12.0,N,6,30,10,0.3333,60.0,8.9573,0,0,,6
p4-2d-q12-N-s7,2d,12.0,N,7,30,11,0.3667,63.0,8.9573,0,0,,9
p4-2d-q12-N-s8,2d,12.0,N,8,30,11,0.3667,63.0,8.9573,0,0,,1
p4-2d-q12-N-s9,2d,12.0,N,9,30,11,0.3667,63.0,8.9573,0,0,,11
p4-5d-q16-A-s1,5d,16.0,A,1,30,0,0.0,30.0,3.9148,0,0,,6
p4-5d-q16-A-s10,5d,16.0,A,10,30,0,0.0,30.0,3.8954,0,0,,12
p4-5d-q16-A-s2,5d,16.0,A,2,30,0,0.0,30.0,3.87,0,0,,8
p4-5d-q16-A-s3,5d,16.0,A,3,30,0,0.0,30.0,3.8866,0,0,,6
p4-5d-q16-A-s4,5d,16.0,A,4,30,0,0.0,30.0,3.9017,0,0,,1
p4-5d-q16-A-s5,5d,16.0,A,5,30,0,0.0,30.0,3.9148,0,0,,2
p4-5d-q16-A-s6,5d,16.0,A,6,30,0,0.0,30.0,3.9148,0,0,,1
p4-5d-q16-A-s7,5d,16.0,A,7,30,0,0.0,30.0,3.8715,0,0,,7
p4-5d-q16-A-s8,5d,16.0,A,8,30,0,0.0,30.0,3.914,0,0,,9
p4-5d-q16-A-s9,5d,16.0,A,9,30,0,0.0,30.0,3.9175,0,0,,6
p4-5d-q16-M-s1,5d,16.0,M,1,30,0,0.0,30.0,3.9148,0,0,,6
p4-5d-q16-M-s10,5d,16.0,M,10,30,0,0.0,30.0,3.8954,0,0,,12
p4-5d-q16-M-s2,5d,16.0,M,2,30,0,0.0,30.0,3.87,0,0,,8
p4-5d-q16-M-s3,5d,16.0,M,3,30,0,0.0,30.0,3.8866,0,0,,6
p4-5d-q16-M-s4,5d,16.0,M,4,30,0,0.0,30.0,3.9017,0,0,,1
p4-5d-q16-M-s5,5d,16.0,M,5,30,0,0.0,30.0,3.9148,0,0,,2
p4-5d-q16-M-s6,5d,16.0,M,6,30,0,0.0,30.0,3.9148,0,0,,1
p4-5d-q16-M-s7,5d,16.0,M,7,30,0,0.0,30.0,3.8715,0,0,,7
p4-5d-q16-M-s8,5d,16.0,M,8,30,0,0.0,30.0,3.914,0,0,,9
p4-5d-q16-M-s9,5d,16.0,M,9,30,0,0.0,30.0,3.9175,0,0,,6
p4-5d-q16-N-s1,5d,16.0,N,1,30,11,0.3667,63.0,3.8865,0,0,,6
p4-5d-q16-N-s10,5d,16.0,N,10,30,9,0.3,57.0,3.8866,0,0,,20
p4-5d-q16-N-s2,5d,16.0,N,2,30,10,0.3333,60.0,3.8618,0,0,,10
p4-5d-q16-N-s3,5d,16.0,N,3,30,8,0.2667,54.0,3.847,0,0,,10
p4-5d-q16-N-s4,5d,16.0,N,4,30,10,0.3333,60.0,3.9017,0,0,,1
p4-5d-q16-N-s5,5d,16.0,N,5,30,10,0.3333,60.0,3.871,0,0,,14
p4-5d-q16-N-s6,5d,16.0,N,6,30,12,0.4,66.0,3.8854,0,0,,1
p4-5d-q16-N-s7,5d,16.0,N,7,30,10,0.3333,60.0,3.8949,0,0,,15
p4-5d-q16-N-s8,5d,16.0,N,8,30,10,0.3333,60.0,3.869,0,0,,16
p4-5d-q16-N-s9,5d,16.0,N,9,30,9,0.3,57.0,3.8514,0,0,,6
p4-5d-q8-A-s1,5d,8.0,A,1,30,0,0.0,30.0,7.4353,0,0,,1
p4-5d-q8-A-s10,5d,8.0,A,10,30,0,0.0,30.0,7.4349,0,0,,1
p4-5d-q8-A-s2,5d,8.0,A,2,30,0,0.0,30.0,7.4349,0,0,,1
p4-5d-q8-A-s3,5d,8.0,A,3,30,0,0.0,30.0,7.4349,0,0,,1
p4-5d-q8-A-s4,5d,8.0,A,4,30,0,0.0,30.0,7.4349,0,0,,1
p4-5d-q8-A-s5,5d,8.0,A,5,30,0,0.0,30.0,7.4349,0,0,,2
p4-5d-q8-A-s6,5d,8.0,A,6,30,0,0.0,30.0,7.4355,0,0,,1
p4-5d-q8-A-s7,5d,8.0,A,7,30,0,0.0,30.0,7.4349,0,0,,2
p4-5d-q8-A-s8,5d,8.0,A,8,30,0,0.0,30.0,7.4349,0,0,,1
p4-5d-q8-A-s9,5d,8.0,A,9,30,0,0.0,30.0,7.435,0,0,,3
p4-5d-q8-M-s1,5d,8.0,M,1,30,0,0.0,30.0,7.4353,0,0,,1
p4-5d-q8-M-s10,5d,8.0,M,10,30,0,0.0,30.0,7.4349,0,0,,1
p4-5d-q8-M-s2,5d,8.0,M,2,30,0,0.0,30.0,7.4349,0,0,,1
p4-5d-q8-M-s3,5d,8.0,M,3,30,0,0.0,30.0,7.4349,0,0,,1
p4-5d-q8-M-s4,5d,8.0,M,4,30,0,0.0,30.0,7.4349,0,0,,1
p4-5d-q8-M-s5,5d,8.0,M,5,30,0,0.0,30.0,7.4349,0,0,,2
p4-5d-q8-M-s6,5d,8.0,M,6,30,0,0.0,30.0,7.4355,0,0,,1
p4-5d-q8-M-s7,5d,8.0,M,7,30,0,0.0,30.0,7.4349,0,0,,2
p4-5d-q8-M-s8,5d,8.0,M,8,30,0,0.0,30.0,7.4349,0,0,,1
p4-5d-q8-M-s9,5d,8.0,M,9,30,0,0.0,30.0,7.435,0,0,,3
p4-5d-q8-N-s1,5d,8.0,N,1,30,11,0.3667,63.0,7.4351,0,0,,4
p4-5d-q8-N-s10,5d,8.0,N,10,30,9,0.3,57.0,7.4353,0,0,,6
p4-5d-q8-N-s2,5d,8.0,N,2,30,11,0.3667,63.0,7.4349,0,0,,7
p4-5d-q8-N-s3,5d,8.0,N,3,30,9,0.3,57.0,7.4349,0,0,,2
p4-5d-q8-N-s4,5d,8.0,N,4,30,9,0.3,57.0,7.4349,0,0,,1
p4-5d-q8-N-s5,5d,8.0,N,5,30,9,0.3,57.0,7.4349,0,0,,5
p4-5d-q8-N-s6,5d,8.0,N,6,30,10,0.3333,60.0,7.435,0,0,,1
p4-5d-q8-N-s7,5d,8.0,N,7,30,10,0.3333,60.0,7.4349,0,0,,4
p4-5d-q8-N-s8,5d,8.0,N,8,30,8,0.2667,54.0,7.4349,0,0,,1
p4-5d-q8-N-s9,5d,8.0,N,9,30,8,0.2667,54.0,7.4353,0,0,,5
p4-6d-q12-A-s1,6d,12.0,A,1,30,0,0.0,30.0,9.0052,0,30,25026,6
p4-6d-q12-A-s10,6d,12.0,A,10,30,0,0.0,30.0,8.9166,0,30,28873,7
p4-6d-q12-A-s2,6d,12.0,A,2,30,0,0.0,30.0,8.9812,0,30,22453,5
p4-6d-q12-A-s3,6d,12.0,A,3,30,0,0.0,30.0,8.9589,0,30,32422,2
p4-6d-q12-A-s4,6d,12.0,A,4,30,0,0.0,30.0,8.9542,0,30,25425,1
p4-6d-q12-A-s5,6d,12.0,A,5,30,0,0.0,30.0,8.9812,0,30,29580,6
p4-6d-q12-A-s6,6d,12.0,A,6,30,0,0.0,30.0,8.9963,0,30,28265,1
p4-6d-q12-A-s7,6d,12.0,A,7,30,0,0.0,30.0,8.9171,0,30,30610,2
p4-6d-q12-A-s8,6d,12.0,A,8,30,0,0.0,30.0,8.9171,0,30,24125,1
p4-6d-q12-A-s9,6d,12.0,A,9,30,0,0.0,30.0,9.0052,0,30,32359,4
p4-6d-q12-M-s1,6d,12.0,M,1,30,0,0.0,30.0,9.0052,0,30,25026,6
p4-6d-q12-M-s10,6d,12.0,M,10,30,0,0.0,30.0,8.9589,0,30,18072,7
p4-6d-q12-M-s2,6d,12.0,M,2,30,0,0.0,30.0,8.9812,0,30,22453,5
p4-6d-q12-M-s3,6d,12.0,M,3,30,0,0.0,30.0,8.9589,0,30,32422,2
p4-6d-q12-M-s4,6d,12.0,M,4,30,0,0.0,30.0,8.9542,0,30,25425,1
p4-6d-q12-M-s5,6d,12.0,M,5,30,0,0.0,30.0,8.9812,0,30,29580,6
p4-6d-q12-M-s6,6d,12.0,M,6,30,0,0.0,30.0,8.9963,0,30,28265,1
p4-6d-q12-M-s7,6d,12.0,M,7,30,0,0.0,30.0,8.9171,0,30,30610,2
p4-6d-q12-M-s8,6d,12.0,M,8,30,0,0.0,30.0,8.9171,0,30,24125,1
p4-6d-q12-M-s9,6d,12.0,M,9,30,0,0.0,30.0,9.0052,0,30,32359,4
p4-6d-q12-N-s1,6d,12.0,N,1,30,6,0.2,48.0,8.9589,11,30,14129,14
p4-6d-q12-N-s10,6d,12.0,N,10,30,6,0.2,48.0,8.9166,16,30,15290,12
p4-6d-q12-N-s2,6d,12.0,N,2,30,9,0.3,57.0,8.9387,10,30,26779,17
p4-6d-q12-N-s3,6d,12.0,N,3,30,8,0.2667,54.0,8.917,13,30,9815,8
p4-6d-q12-N-s4,6d,12.0,N,4,30,8,0.2667,54.0,8.9166,11,30,27240,1
p4-6d-q12-N-s5,6d,12.0,N,5,30,7,0.2333,51.0,8.9812,15,30,8629,13
p4-6d-q12-N-s6,6d,12.0,N,6,30,10,0.3333,60.0,8.917,6,30,22842,5
p4-6d-q12-N-s7,6d,12.0,N,7,30,10,0.3333,60.0,8.9463,14,30,7824,19
p4-6d-q12-N-s8,6d,12.0,N,8,30,7,0.2333,51.0,8.9166,11,30,26483,16
p4-6d-q12-N-s9,6d,12.0,N,9,30,7,0.2333,51.0,8.9493,17,30,8299,16
s5-A-seed1,5d,12.0,A,1,30,0,0.0,30.0,9.0218,0,0,,6
s5-A-seed10,5d,12.0,A,10,30,0,0.0,30.0,9.0193,0,0,,6
s5-A-seed11,5d,12.0,A,11,30,0,0.0,30.0,9.0196,0,0,,7
s5-A-seed12,5d,12.0,A,12,30,0,0.0,30.0,8.9974,0,0,,3
s5-A-seed13,5d,12.0,A,13,30,0,0.0,30.0,8.9604,0,0,,8
s5-A-seed14,5d,12.0,A,14,30,0,0.0,30.0,8.9591,0,0,,6
s5-A-seed15,5d,12.0,A,15,30,0,0.0,30.0,8.9589,0,0,,1
s5-A-seed16,5d,12.0,A,16,30,0,0.0,30.0,8.9946,0,0,,7
s5-A-seed17,5d,12.0,A,17,30,0,0.0,30.0,8.9587,0,0,,7
s5-A-seed18,5d,12.0,A,18,30,0,0.0,30.0,8.9585,0,0,,7
s5-A-seed19,5d,12.0,A,19,30,0,0.0,30.0,9.0143,0,0,,8
s5-A-seed2,5d,12.0,A,2,30,0,0.0,30.0,8.9894,0,0,,6
s5-A-seed20,5d,12.0,A,20,30,0,0.0,30.0,8.9545,0,0,,2
s5-A-seed3,5d,12.0,A,3,30,0,0.0,30.0,8.9584,0,0,,9
s5-A-seed4,5d,12.0,A,4,30,0,0.0,30.0,9.0193,0,0,,1
s5-A-seed5,5d,12.0,A,5,30,0,0.0,30.0,9.0139,0,0,,2
s5-A-seed6,5d,12.0,A,6,30,0,0.0,30.0,9.0337,0,0,,1
s5-A-seed7,5d,12.0,A,7,30,0,0.0,30.0,8.9963,0,0,,7
s5-A-seed8,5d,12.0,A,8,30,0,0.0,30.0,8.9615,0,0,,8
s5-A-seed9,5d,12.0,A,9,30,0,0.0,30.0,8.9533,0,0,,5
s5-M-seed1,5d,12.0,M,1,30,0,0.0,30.0,9.0218,0,0,,6
s5-M-seed10,5d,12.0,M,10,30,0,0.0,30.0,9.0193,0,0,,6
s5-M-seed11,5d,12.0,M,11,30,0,0.0,30.0,9.0196,0,0,,7
s5-M-seed12,5d,12.0,M,12,30,0,0.0,30.0,8.9974,0,0,,3
s5-M-seed13,5d,12.0,M,13,30,0,0.0,30.0,8.9604,0,0,,8
s5-M-seed14,5d,12.0,M,14,30,0,0.0,30.0,8.9591,0,0,,6
s5-M-seed15,5d,12.0,M,15,30,0,0.0,30.0,8.9589,0,0,,1
s5-M-seed16,5d,12.0,M,16,30,0,0.0,30.0,8.9946,0,0,,7
s5-M-seed17,5d,12.0,M,17,30,0,0.0,30.0,8.9587,0,0,,7
s5-M-seed18,5d,12.0,M,18,30,0,0.0,30.0,8.9585,0,0,,7
s5-M-seed19,5d,12.0,M,19,30,0,0.0,30.0,9.0143,0,0,,8
s5-M-seed2,5d,12.0,M,2,30,0,0.0,30.0,8.9894,0,0,,6
s5-M-seed20,5d,12.0,M,20,30,0,0.0,30.0,8.9545,0,0,,2
s5-M-seed3,5d,12.0,M,3,30,0,0.0,30.0,8.9584,0,0,,9
s5-M-seed4,5d,12.0,M,4,30,0,0.0,30.0,9.0193,0,0,,1
s5-M-seed5,5d,12.0,M,5,30,0,0.0,30.0,9.0139,0,0,,2
s5-M-seed6,5d,12.0,M,6,30,0,0.0,30.0,9.0337,0,0,,1
s5-M-seed7,5d,12.0,M,7,30,0,0.0,30.0,8.9963,0,0,,7
s5-M-seed8,5d,12.0,M,8,30,0,0.0,30.0,8.9615,0,0,,8
s5-M-seed9,5d,12.0,M,9,30,0,0.0,30.0,8.9533,0,0,,5
s5-N-seed1,5d,12.0,N,1,30,12,0.4,66.0,8.9345,0,0,,6
s5-N-seed10,5d,12.0,N,10,30,7,0.2333,51.0,8.9615,0,0,,18
s5-N-seed11,5d,12.0,N,11,30,8,0.2667,54.0,8.9595,0,0,,15
s5-N-seed12,5d,12.0,N,12,30,9,0.3,57.0,8.9603,0,0,,3
s5-N-seed13,5d,12.0,N,13,30,12,0.4,66.0,8.9584,0,0,,9
s5-N-seed14,5d,12.0,N,14,30,9,0.3,57.0,8.917,0,0,,6
s5-N-seed15,5d,12.0,N,15,30,11,0.3667,63.0,8.9573,0,0,,13
s5-N-seed16,5d,12.0,N,16,30,9,0.3,57.0,8.9101,0,0,,17
s5-N-seed17,5d,12.0,N,17,30,9,0.3,57.0,8.958,0,0,,7
s5-N-seed18,5d,12.0,N,18,30,8,0.2667,54.0,8.9382,0,0,,21
s5-N-seed19,5d,12.0,N,19,30,10,0.3333,60.0,8.9915,0,0,,8
s5-N-seed2,5d,12.0,N,2,30,12,0.4,66.0,9.0325,0,0,,7
s5-N-seed20,5d,12.0,N,20,30,8,0.2667,54.0,8.9587,0,0,,8
s5-N-seed3,5d,12.0,N,3,30,8,0.2667,54.0,8.957,0,0,,10
s5-N-seed4,5d,12.0,N,4,30,8,0.2667,54.0,8.9507,0,0,,1
s5-N-seed5,5d,12.0,N,5,30,11,0.3667,63.0,8.958,0,0,,14
s5-N-seed6,5d,12.0,N,6,30,11,0.3667,63.0,8.913,0,0,,1
s5-N-seed7,5d,12.0,N,7,30,9,0.3,57.0,8.958,0,0,,14
s5-N-seed8,5d,12.0,N,8,30,9,0.3,57.0,8.9614,0,0,,12
s5-N-seed9,5d,12.0,N,9,30,9,0.3,57.0,8.9357,0,0,,6
