arm,seed,n_trials,n_invalid,invalid_rate,cumulative_cost,best_goodput,trials_to_target,learned_floor_final
A,1,30,0,0.0,30.0,9.0218,6,
A,2,30,0,0.0,30.0,8.9894,6,
A,3,30,0,0.0,30.0,8.9584,9,
A,4,30,0,0.0,30.0,9.0193,1,
A,5,30,0,0.0,30.0,9.0139,2,
A,6,30,0,0.0,30.0,9.0337,1,
A,7,30,0,0.0,30.0,8.9963,7,
A,8,30,0,0.0,30.0,8.9615,8,
A,9,30,0,0.0,30.0,8.9533,5,
A,10,30,0,0.0,30.0,9.0193,6,
A,11,30,0,0.0,30.0,9.0196,7,
A,12,30,0,0.0,30.0,8.9974,3,
A,13,30,0,0.0,30.0,8.9604,8,
A,14,30,0,0.0,30.0,8.9591,6,
A,15,30,0,0.0,30.0,8.9589,1,
A,16,30,0,0.0,30.0,8.9946,7,
A,17,30,0,0.0,30.0,8.9587,7,
A,18,30,0,0.0,30.0,8.9585,7,
A,19,30,0,0.0,30.0,9.0143,8,
A,20,30,0,0.0,30.0,8.9545,2,
M,1,30,0,0.0,30.0,9.0218,6,
M,2,30,0,0.0,30.0,8.9894,6,
M,3,30,0,0.0,30.0,8.9584,9,
M,4,30,0,0.0,30.0,9.0193,1,
M,5,30,0,0.0,30.0,9.0139,2,
M,6,30,0,0.0,30.0,9.0337,1,
M,7,30,0,0.0,30.0,8.9963,7,
M,8,30,0,0.0,30.0,8.9615,8,
M,9,30,0,0.0,30.0,8.9533,5,
M,10,30,0,0.0,30.0,9.0193,6,
M,11,30,0,0.0,30.0,9.0196,7,
M,12,30,0,0.0,30.0,8.9974,3,
M,13,30,0,0.0,30.0,8.9604,8,
M,14,30,0,0.0,30.0,8.9591,6,
M,15,30,0,0.0,30.0,8.9589,1,
M,16,30,0,0.0,30.0,8.9946,7,
M,17,30,0,0.0,30.0,8.9587,7,
M,18,30,0,0.0,30.0,8.9585,7,
M,19,30,0,0.0,30.0,9.0143,8,
M,20,30,0,0.0,30.0,8.9545,2,
N,1,30,12,0.4,66.0,8.9345,6,
N,2,30,12,0.4,66.0,9.0325,7,
N,3,30,8,0.2667,54.0,8.957,10,
N,4,30,8,0.2667,54.0,8.9507,1,
N,5,30,11,0.3667,63.0,8.958,14,
N,6,30,11,0.3667,63.0,8.913,1,
N,7,30,9,0.3,57.0,8.958,14,
N,8,30,9,0.3,57.0,8.9614,12,
N,9,30,9,0.3,57.0,8.9357,6,
N,10,30,7,0.2333,51.0,8.9615,18,
N,11,30,8,0.2667,54.0,8.9595,15,
N,12,30,9,0.3,57.0,8.9603,3,
N,13,30,12,0.4,66.0,8.9584,9,
N,14,30,9,0.3,57.0,8.917,6,
N,15,30,11,0.3667,63.0,8.9573,13,
N,16,30,9,0.3,57.0,8.9101,17,
N,17,30,9,0.3,57.0,8.958,7,
N,18,30,8,0.2667,54.0,8.9382,21,
N,19,30,10,0.3333,60.0,8.9915,8,
N,20,30,8,0.2667,54.0,8.9587,8,
S,1,30,4,0.1333,42.0,8.9998,4,678.0
S,2,30,1,0.0333,33.0,8.9587,6,844.0
S,3,30,3,0.1,39.0,8.958,6,975.0
S,4,30,3,0.1,39.0,8.96,1,1015.0
S,5,30,3,0.1,39.0,8.9525,2,715.0
S,6,30,2,0.0667,36.0,8.8878,1,787.0
S,7,30,2,0.0667,36.0,9.0121,6,671.0
S,8,30,3,0.1,39.0,8.958,11,976.0
S,9,30,3,0.1,39.0,8.9603,5,854.0
S,10,30,2,0.0667,36.0,8.9506,10,560.0
S,11,30,3,0.1,39.0,9.0176,6,820.0
S,12,30,3,0.1,39.0,8.9904,3,593.0
S,13,30,3,0.1,39.0,9.033,7,731.0
S,14,30,1,0.0333,33.0,9.0099,6,880.0
S,15,30,3,0.1,39.0,8.9605,11,743.0
S,16,30,3,0.1,39.0,8.9357,11,929.0
S,17,30,5,0.1667,45.0,8.9554,7,517.0
S,18,30,3,0.1,39.0,8.9995,7,947.0
S,19,30,4,0.1333,42.0,9.0336,8,712.0
S,20,30,3,0.1,39.0,8.9554,2,839.0
