threads,n_batch,n_ubatch,reps,pp512_tps,tg64_tps,wall_s,status,error
2,128,64,5,95.48,34.28,72.28,ok,
2,128,128,5,98.17,34.96,44.25,ok,
2,256,64,5,97.6,35.46,44.19,ok,
2,256,128,5,98.84,35.63,43.77,ok,
2,256,256,5,100.53,35.24,43.42,ok,
2,512,64,5,98.01,34.94,44.32,ok,
2,512,128,5,98.87,34.63,44.05,ok,
2,512,256,5,99.59,35.25,43.74,ok,
3,128,64,5,137.93,44.84,33.17,ok,
3,128,128,5,140.53,44.6,32.87,ok,
3,256,64,5,136.55,43.51,33.58,ok,
3,256,128,5,141.21,44.94,32.61,ok,
3,256,256,5,143.41,44.84,32.43,ok,
3,512,64,5,138.28,43.45,33.28,ok,
3,512,128,5,140.31,44.36,32.77,ok,
3,512,256,5,138.57,44.05,33.28,ok,
4,128,64,5,148.46,43.09,31.37,ok,
4,128,128,5,150.45,45.53,30.86,ok,
4,256,64,5,145.48,41.27,32.57,ok,
4,256,128,5,159.77,45.39,30.12,ok,
4,256,256,5,156.96,41.84,31.03,ok,
4,512,64,5,143.65,39.5,33.45,ok,
4,512,128,5,150.3,45.86,31.23,ok,
4,512,256,5,158.88,43.61,30.43,ok,
