threads,n_batch,n_ubatch,pp512_tps,tg64_tps,wall_s,status,error
2,128,64,95.96,32.88,23.57,ok,
2,128,128,98.38,34.54,23.01,ok,
2,256,64,97.7,34.31,23.24,ok,
2,256,128,99.9,34.57,22.78,ok,
2,256,256,99.83,33.79,22.92,ok,
2,512,64,98.23,33.63,23.27,ok,
2,512,128,97.98,34.06,23.05,ok,
2,512,256,99.83,33.66,23.01,ok,
3,128,64,134.83,42.96,17.97,ok,
3,128,128,136.31,40.62,18.02,ok,
3,256,64,138.72,41.9,17.78,ok,
3,256,128,143.25,41.1,17.65,ok,
3,256,256,144.19,42.63,17.47,ok,
3,512,64,136.65,40.71,17.98,ok,
3,512,128,142.05,42.45,17.54,ok,
3,512,256,140.51,42.7,17.54,ok,
4,128,64,148.43,40.57,18.05,ok,
4,128,128,149.56,44.17,17.05,ok,
4,256,64,140.94,28.34,18.93,ok,
4,256,128,149.68,33.18,18.03,ok,
4,256,256,145.32,25.26,23.55,ok,
4,512,64,159.79,27.5,19.23,ok,
4,512,128,160.22,43.91,16.98,ok,
4,512,256,165.39,44.3,16.49,ok,
