arm,seed,trial,threads,batch,ubatch,fa,ctk,ctv,pp_256_ts,tg_16_ts,status,cost_units,error,model,s_learned
N,1,0,3,128,256,on,f16,f16,45.917,10.35,ok,1.0,,1.5b,
M,1,0,3,128,64,on,f16,f16,44.373,10.296,ok,1.0,,1.5b,
A,1,0,3,128,256,on,f16,f16,46.545,10.682,ok,1.0,,1.5b,
S,1,0,3,128,64,on,f16,f16,45.744,10.422,ok,1.0,,1.5b,0
N,1,1,2,512,64,off,f16,q8_0,,,failed,4.0,.5.0/llama-b11194/libggml-cpu-haswell.so llama_bench: error: failed to create context with model '/home/administrator/models/qwen2.5-1.5b-instruct-q4_k_m.gguf' ,1.5b,
M,1,1,2,256,256,on,q8_0,q8_0,32.825,9.809,ok,1.0,,1.5b,
A,1,1,2,512,64,on,f16,q8_0,30.001,10.0,ok,1.0,,1.5b,
S,1,1,2,256,256,on,q8_0,q8_0,32.421,10.092,ok,1.0,,1.5b,0
N,1,2,4,256,128,off,f16,f16,44.987,5.717,ok,1.0,,1.5b,
M,1,2,2,512,256,on,f16,q8_0,32.442,10.127,ok,1.0,,1.5b,
A,1,2,4,256,128,off,f16,f16,45.45,7.279,ok,1.0,,1.5b,
S,1,2,2,512,256,on,f16,q8_0,32.906,9.331,ok,1.0,,1.5b,0
N,1,3,3,128,64,on,f16,q8_0,40.116,10.728,ok,1.0,,1.5b,
M,1,3,2,256,128,on,q8_0,q8_0,32.656,9.786,ok,1.0,,1.5b,
A,1,3,3,128,64,on,f16,q8_0,42.964,10.288,ok,1.0,,1.5b,
S,1,3,2,256,128,on,q8_0,q8_0,32.902,9.747,ok,1.0,,1.5b,0
N,1,4,4,512,256,off,q8_0,f16,45.325,4.183,ok,1.0,,1.5b,
M,1,4,2,256,64,off,f16,q8_0,,,failed,4.0,.5.0/llama-b11194/libggml-cpu-haswell.so llama_bench: error: failed to create context with model '/home/administrator/models/qwen2.5-1.5b-instruct-q4_k_m.gguf' ,1.5b,
A,1,4,4,512,256,off,q8_0,f16,45.531,6.718,ok,1.0,,1.5b,
S,1,4,2,256,64,off,f16,q8_0,,,failed,4.0,.5.0/llama-b11194/libggml-cpu-haswell.so llama_bench: error: failed to create context with model '/home/administrator/models/qwen2.5-1.5b-instruct-q4_k_m.gguf' ,1.5b,1
N,1,5,3,128,256,on,f16,f16,40.43,8.154,ok,1.0,,1.5b,
M,1,5,3,128,64,on,f16,f16,43.184,9.153,ok,1.0,,1.5b,
A,1,5,3,128,256,on,f16,f16,44.841,7.417,ok,1.0,,1.5b,
S,1,5,3,128,64,on,f16,f16,43.853,9.777,ok,1.0,,1.5b,1
N,1,6,2,128,256,on,q8_0,q8_0,32.421,9.176,ok,1.0,,1.5b,
M,1,6,3,512,64,on,q8_0,f16,38.606,9.452,ok,1.0,,1.5b,
A,1,6,2,128,256,on,q8_0,q8_0,30.735,8.907,ok,1.0,,1.5b,
S,1,6,3,512,64,on,q8_0,f16,41.246,9.105,ok,1.0,,1.5b,1
N,1,7,3,256,256,on,q8_0,f16,39.82,9.025,ok,1.0,,1.5b,
M,1,7,4,128,64,off,q8_0,f16,38.457,6.283,ok,1.0,,1.5b,
A,1,7,3,256,256,on,q8_0,f16,41.427,8.738,ok,1.0,,1.5b,
S,1,7,4,128,64,off,q8_0,f16,36.434,6.112,ok,1.0,,1.5b,1
N,1,8,4,256,256,on,f16,q8_0,42.657,6.077,ok,1.0,,1.5b,
M,1,8,4,128,64,on,f16,f16,39.236,6.496,ok,1.0,,1.5b,
A,1,8,4,256,256,on,f16,q8_0,42.129,5.297,ok,1.0,,1.5b,
S,1,8,4,128,64,on,f16,f16,39.855,6.756,ok,1.0,,1.5b,1
N,1,9,3,128,128,off,f16,f16,41.293,8.913,ok,1.0,,1.5b,
M,1,9,3,128,128,off,f16,f16,39.17,8.224,ok,1.0,,1.5b,
A,1,9,3,128,128,off,f16,f16,40.534,9.04,ok,1.0,,1.5b,
S,1,9,3,128,128,off,f16,f16,40.86,8.76,ok,1.0,,1.5b,1
N,1,10,2,128,128,on,f16,f16,33.174,8.722,ok,1.0,,1.5b,
M,1,10,3,256,256,off,f16,f16,40.44,9.057,ok,1.0,,1.5b,
A,1,10,2,128,128,on,f16,f16,33.19,8.759,ok,1.0,,1.5b,
S,1,10,3,256,256,off,f16,f16,42.111,11.689,ok,1.0,,1.5b,1
N,1,11,4,512,256,off,q8_0,f16,65.307,12.793,ok,1.0,,1.5b,
M,1,11,3,128,64,on,f16,q8_0,55.769,15.499,ok,1.0,,1.5b,
A,1,11,4,512,256,off,q8_0,f16,65.652,13.208,ok,1.0,,1.5b,
S,1,11,3,128,64,on,f16,q8_0,57.528,12.538,ok,1.0,,1.5b,1
N,1,12,4,512,128,off,q8_0,q8_0,,,failed,4.0,.5.0/llama-b11194/libggml-cpu-haswell.so llama_bench: error: failed to create context with model '/home/administrator/models/qwen2.5-1.5b-instruct-q4_k_m.gguf' ,1.5b,
M,1,12,3,128,128,on,f16,q8_0,58.364,15.742,ok,1.0,,1.5b,
A,1,12,4,512,128,on,q8_0,q8_0,59.466,12.689,ok,1.0,,1.5b,
S,1,12,3,128,128,on,f16,q8_0,57.721,15.72,ok,1.0,,1.5b,1
N,1,13,4,128,64,off,q8_0,f16,65.784,13.796,ok,1.0,,1.5b,
M,1,13,3,128,128,on,f16,q8_0,59.396,16.361,ok,1.0,,1.5b,
A,1,13,3,512,128,on,q8_0,q8_0,51.674,14.088,ok,1.0,,1.5b,
S,1,13,3,128,128,on,f16,q8_0,57.809,16.223,ok,1.0,,1.5b,1
N,1,14,3,128,64,off,q8_0,f16,56.405,15.925,ok,1.0,,1.5b,
M,1,14,4,128,128,on,f16,q8_0,64.385,13.948,ok,1.0,,1.5b,
A,1,14,4,128,128,on,q8_0,q8_0,59.74,11.444,ok,1.0,,1.5b,
S,1,14,4,128,128,on,f16,q8_0,64.429,13.678,ok,1.0,,1.5b,1
N,1,15,4,128,64,off,q8_0,q8_0,,,failed,4.0,.5.0/llama-b11194/libggml-cpu-haswell.so llama_bench: error: failed to create context with model '/home/administrator/models/qwen2.5-1.5b-instruct-q4_k_m.gguf' ,1.5b,
M,1,15,4,128,128,on,f16,q8_0,59.684,6.021,ok,1.0,,1.5b,
A,1,15,4,128,128,on,q8_0,q8_0,48.975,8.048,ok,1.0,,1.5b,
S,1,15,4,128,128,on,f16,q8_0,60.867,12.894,ok,1.0,,1.5b,1
N,1,16,4,256,64,off,q8_0,f16,66.422,13.232,ok,1.0,,1.5b,
M,1,16,4,512,128,on,f16,q8_0,65.361,12.154,ok,1.0,,1.5b,
A,1,16,2,128,128,off,q8_0,f16,43.989,13.796,ok,1.0,,1.5b,
S,1,16,4,512,128,on,f16,q8_0,59.208,14.34,ok,1.0,,1.5b,1
N,1,17,4,256,64,off,q8_0,f16,61.619,14.22,ok,1.0,,1.5b,
M,1,17,4,512,128,on,f16,f16,67.416,12.619,ok,1.0,,1.5b,
A,1,17,4,128,64,on,f16,q8_0,63.42,14.222,ok,1.0,,1.5b,
S,1,17,4,128,128,on,q8_0,q8_0,58.615,10.771,ok,1.0,,1.5b,1
N,1,18,4,128,128,off,q8_0,f16,57.75,7.43,ok,1.0,,1.5b,
M,1,18,4,512,128,off,f16,f16,61.181,13.133,ok,1.0,,1.5b,
A,1,18,4,128,64,on,f16,q8_0,58.052,9.969,ok,1.0,,1.5b,
S,1,18,4,128,128,on,f16,q8_0,57.078,12.688,ok,1.0,,1.5b,1
N,1,19,4,128,64,on,q8_0,f16,57.244,12.268,ok,1.0,,1.5b,
M,1,19,4,512,128,on,f16,f16,58.813,11.399,ok,1.0,,1.5b,
A,1,19,4,512,64,off,f16,f16,61.186,6.276,ok,1.0,,1.5b,
S,1,19,4,256,128,on,f16,f16,63.906,12.723,ok,1.0,,1.5b,1
N,2,0,4,128,128,off,f16,f16,63.087,12.619,ok,1.0,,1.5b,
M,2,0,4,128,128,off,f16,f16,59.131,11.772,ok,1.0,,1.5b,
A,2,0,4,128,128,off,f16,f16,62.177,12.401,ok,1.0,,1.5b,
S,2,0,4,128,128,off,f16,f16,63.116,11.788,ok,1.0,,1.5b,0
N,2,1,3,128,128,off,f16,q8_0,,,failed,4.0,.5.0/llama-b11194/libggml-cpu-haswell.so llama_bench: error: failed to create context with model '/home/administrator/models/qwen2.5-1.5b-instruct-q4_k_m.gguf' ,1.5b,
M,2,1,3,128,128,off,f16,q8_0,,,failed,4.0,.5.0/llama-b11194/libggml-cpu-haswell.so llama_bench: error: failed to create context with model '/home/administrator/models/qwen2.5-1.5b-instruct-q4_k_m.gguf' ,1.5b,
A,2,1,3,128,128,on,f16,q8_0,58.298,16.55,ok,1.0,,1.5b,
S,2,1,3,128,128,off,f16,q8_0,,,failed,4.0,.5.0/llama-b11194/libggml-cpu-haswell.so llama_bench: error: failed to create context with model '/home/administrator/models/qwen2.5-1.5b-instruct-q4_k_m.gguf' ,1.5b,1
N,2,2,4,256,64,off,q8_0,q8_0,,,failed,4.0,.5.0/llama-b11194/libggml-cpu-haswell.so llama_bench: error: failed to create context with model '/home/administrator/models/qwen2.5-1.5b-instruct-q4_k_m.gguf' ,1.5b,
M,2,2,4,256,64,off,q8_0,q8_0,,,failed,4.0,.5.0/llama-b11194/libggml-cpu-haswell.so llama_bench: error: failed to create context with model '/home/administrator/models/qwen2.5-1.5b-instruct-q4_k_m.gguf' ,1.5b,
A,2,2,4,256,64,on,q8_0,q8_0,56.183,11.993,ok,1.0,,1.5b,
S,2,2,4,256,64,on,q8_0,q8_0,51.098,4.866,ok,1.0,,1.5b,1
N,2,3,4,256,256,on,f16,f16,43.704,5.972,ok,1.0,,1.5b,
M,2,3,4,256,256,on,f16,f16,43.34,6.092,ok,1.0,,1.5b,
A,2,3,4,256,256,on,f16,f16,40.464,5.578,ok,1.0,,1.5b,
S,2,3,4,256,256,on,f16,f16,42.561,5.537,ok,1.0,,1.5b,1
N,2,4,2,512,256,off,f16,q8_0,,,failed,4.0,.5.0/llama-b11194/libggml-cpu-haswell.so llama_bench: error: failed to create context with model '/home/administrator/models/qwen2.5-1.5b-instruct-q4_k_m.gguf' ,1.5b,
M,2,4,2,512,256,off,f16,q8_0,,,failed,4.0,.5.0/llama-b11194/libggml-cpu-haswell.so llama_bench: error: failed to create context with model '/home/administrator/models/qwen2.5-1.5b-instruct-q4_k_m.gguf' ,1.5b,
A,2,4,2,512,256,on,f16,q8_0,30.611,8.121,ok,1.0,,1.5b,
S,2,4,2,512,256,on,f16,q8_0,30.609,7.85,ok,1.0,,1.5b,1
N,2,5,4,128,128,off,f16,f16,38.577,5.587,ok,1.0,,1.5b,
M,2,5,4,128,128,off,f16,f16,34.061,4.679,ok,1.0,,1.5b,
A,2,5,4,128,128,off,f16,f16,37.852,3.408,ok,1.0,,1.5b,
S,2,5,4,128,128,off,f16,f16,36.558,4.532,ok,1.0,,1.5b,1
N,2,6,2,128,128,off,q8_0,f16,30.706,7.881,ok,1.0,,1.5b,
M,2,6,2,128,128,off,q8_0,f16,30.337,7.634,ok,1.0,,1.5b,
A,2,6,2,128,128,off,q8_0,f16,30.751,8.295,ok,1.0,,1.5b,
S,2,6,2,128,128,off,q8_0,f16,30.717,7.616,ok,1.0,,1.5b,1
N,2,7,4,512,128,on,f16,q8_0,36.439,5.516,ok,1.0,,1.5b,
M,2,7,4,512,128,on,f16,q8_0,36.902,5.868,ok,1.0,,1.5b,
A,2,7,4,512,128,on,f16,q8_0,34.611,3.363,ok,1.0,,1.5b,
S,2,7,4,512,128,on,f16,q8_0,36.107,3.796,ok,1.0,,1.5b,1
N,2,8,4,128,64,on,q8_0,f16,26.385,4.529,ok,1.0,,1.5b,
M,2,8,4,128,64,on,q8_0,f16,27.886,4.374,ok,1.0,,1.5b,
A,2,8,4,128,64,on,q8_0,f16,45.989,11.758,ok,1.0,,1.5b,
S,2,8,4,128,64,on,q8_0,f16,56.573,4.911,ok,1.0,,1.5b,1
N,2,9,3,512,128,off,f16,f16,52.9,11.65,ok,1.0,,1.5b,
M,2,9,3,512,128,off,f16,f16,58.136,15.125,ok,1.0,,1.5b,
A,2,9,3,512,128,off,f16,f16,44.714,7.834,ok,1.0,,1.5b,
S,2,9,3,512,128,off,f16,f16,38.024,8.02,ok,1.0,,1.5b,1
N,2,10,2,128,64,on,f16,q8_0,29.514,8.071,ok,1.0,,1.5b,
M,2,10,2,128,64,on,f16,q8_0,31.779,8.558,ok,1.0,,1.5b,
A,2,10,2,128,64,on,f16,q8_0,31.121,6.91,ok,1.0,,1.5b,
S,2,10,2,128,64,on,f16,q8_0,28.842,3.919,ok,1.0,,1.5b,1
N,2,11,3,512,128,off,f16,f16,48.754,13.286,ok,1.0,,1.5b,
M,2,11,3,512,128,off,f16,f16,55.167,15.498,ok,1.0,,1.5b,
A,2,11,3,128,128,on,f16,q8_0,54.298,15.179,ok,1.0,,1.5b,
S,2,11,4,128,64,on,q8_0,f16,48.162,11.84,ok,1.0,,1.5b,1
N,2,12,2,256,128,off,f16,f16,44.662,13.797,ok,1.0,,1.5b,
M,2,12,2,256,128,off,f16,f16,30.752,13.717,ok,1.0,,1.5b,
A,2,12,3,128,256,on,q8_0,q8_0,52.493,14.745,ok,1.0,,1.5b,
S,2,12,4,512,256,off,q8_0,f16,60.942,8.815,ok,1.0,,1.5b,1
N,2,13,3,512,64,on,f16,f16,45.892,14.148,ok,1.0,,1.5b,
M,2,13,3,512,64,on,f16,f16,57.055,15.418,ok,1.0,,1.5b,
A,2,13,2,256,128,on,f16,q8_0,41.829,14.602,ok,1.0,,1.5b,
S,2,13,4,512,256,off,q8_0,f16,63.754,12.857,ok,1.0,,1.5b,1
N,2,14,3,128,256,off,f16,f16,56.228,16.333,ok,1.0,,1.5b,
M,2,14,3,128,128,off,f16,f16,52.278,15.953,ok,1.0,,1.5b,
A,2,14,3,128,256,off,f16,f16,57.519,16.134,ok,1.0,,1.5b,
S,2,14,2,512,256,on,q8_0,f16,43.027,14.397,ok,1.0,,1.5b,1
N,2,15,3,128,256,off,f16,f16,57.431,15.551,ok,1.0,,1.5b,
M,2,15,3,512,128,on,q8_0,f16,57.386,16.003,ok,1.0,,1.5b,
A,2,15,3,128,128,on,q8_0,q8_0,56.74,16.02,ok,1.0,,1.5b,
S,2,15,4,256,64,off,f16,f16,58.845,12.711,ok,1.0,,1.5b,1
N,2,16,2,128,64,off,f16,f16,30.791,13.176,ok,1.0,,1.5b,
M,2,16,2,512,64,off,f16,f16,43.788,13.652,ok,1.0,,1.5b,
A,2,16,2,128,128,on,f16,f16,45.208,14.724,ok,1.0,,1.5b,
S,2,16,3,256,256,off,q8_0,f16,60.656,16.384,ok,1.0,,1.5b,1
N,2,17,3,256,256,off,q8_0,f16,60.273,15.932,ok,1.0,,1.5b,
M,2,17,4,128,64,off,q8_0,f16,61.841,13.142,ok,1.0,,1.5b,
A,2,17,3,512,64,on,f16,q8_0,56.586,16.448,ok,1.0,,1.5b,
S,2,17,4,512,128,on,q8_0,q8_0,60.34,12.912,ok,1.0,,1.5b,1
N,2,18,3,256,256,off,q8_0,f16,46.5,4.848,ok,1.0,,1.5b,
M,2,18,4,128,64,off,q8_0,f16,55.525,12.692,ok,1.0,,1.5b,
A,2,18,4,128,64,on,f16,q8_0,61.116,13.625,ok,1.0,,1.5b,
S,2,18,4,512,128,on,q8_0,f16,63.361,13.463,ok,1.0,,1.5b,1
N,2,19,3,256,256,on,q8_0,q8_0,58.202,16.246,ok,1.0,,1.5b,
M,2,19,4,128,64,on,q8_0,q8_0,60.253,13.159,ok,1.0,,1.5b,
A,2,19,4,128,64,off,f16,f16,63.27,12.9,ok,1.0,,1.5b,
S,2,19,4,512,128,on,q8_0,f16,58.113,13.321,ok,1.0,,1.5b,1
N,3,0,3,512,128,on,q8_0,q8_0,55.997,16.565,ok,1.0,,1.5b,
M,3,0,3,512,128,on,q8_0,q8_0,58.23,16.699,ok,1.0,,1.5b,
A,3,0,3,512,128,on,q8_0,q8_0,56.731,16.563,ok,1.0,,1.5b,
S,3,0,3,512,128,on,q8_0,q8_0,58.786,15.221,ok,1.0,,1.5b,0
N,3,1,2,256,64,off,f16,q8_0,,,failed,4.0,.5.0/llama-b11194/libggml-cpu-haswell.so llama_bench: error: failed to create context with model '/home/administrator/models/qwen2.5-1.5b-instruct-q4_k_m.gguf' ,1.5b,
M,3,1,2,256,64,off,f16,q8_0,,,failed,4.0,.5.0/llama-b11194/libggml-cpu-haswell.so llama_bench: error: failed to create context with model '/home/administrator/models/qwen2.5-1.5b-instruct-q4_k_m.gguf' ,1.5b,
A,3,1,2,256,64,on,f16,q8_0,41.862,15.015,ok,1.0,,1.5b,
S,3,1,2,256,64,off,f16,q8_0,,,failed,4.0,.5.0/llama-b11194/libggml-cpu-haswell.so llama_bench: error: failed to create context with model '/home/administrator/models/qwen2.5-1.5b-instruct-q4_k_m.gguf' ,1.5b,1
N,3,2,2,128,64,off,f16,q8_0,,,failed,4.0,.5.0/llama-b11194/libggml-cpu-haswell.so llama_bench: error: failed to create context with model '/home/administrator/models/qwen2.5-1.5b-instruct-q4_k_m.gguf' ,1.5b,
M,3,2,2,128,64,off,f16,q8_0,,,failed,4.0,.5.0/llama-b11194/libggml-cpu-haswell.so llama_bench: error: failed to create context with model '/home/administrator/models/qwen2.5-1.5b-instruct-q4_k_m.gguf' ,1.5b,
A,3,2,2,128,64,on,f16,q8_0,42.483,14.979,ok,1.0,,1.5b,
S,3,2,2,128,64,on,f16,q8_0,42.392,15.157,ok,1.0,,1.5b,1
N,3,3,2,256,128,on,q8_0,f16,43.528,14.271,ok,1.0,,1.5b,
M,3,3,2,256,128,on,q8_0,f16,42.88,15.082,ok,1.0,,1.5b,
A,3,3,2,256,128,on,q8_0,f16,43.584,15.369,ok,1.0,,1.5b,
S,3,3,2,256,128,on,q8_0,f16,41.551,14.706,ok,1.0,,1.5b,1
N,3,4,3,128,256,off,q8_0,q8_0,,,failed,4.0,.5.0/llama-b11194/libggml-cpu-haswell.so llama_bench: error: failed to create context with model '/home/administrator/models/qwen2.5-1.5b-instruct-q4_k_m.gguf' ,1.5b,
M,3,4,3,128,128,off,q8_0,q8_0,,,failed,4.0,.5.0/llama-b11194/libggml-cpu-haswell.so llama_bench: error: failed to create context with model '/home/administrator/models/qwen2.5-1.5b-instruct-q4_k_m.gguf' ,1.5b,
A,3,4,3,128,256,on,q8_0,q8_0,59.282,14.239,ok,1.0,,1.5b,
S,3,4,3,128,128,on,q8_0,q8_0,57.047,16.203,ok,1.0,,1.5b,1
N,3,5,4,512,128,on,q8_0,q8_0,54.481,10.162,ok,1.0,,1.5b,
M,3,5,4,512,128,on,q8_0,q8_0,61.825,13.4,ok,1.0,,1.5b,
A,3,5,3,128,256,on,q8_0,q8_0,53.315,15.931,ok,1.0,,1.5b,
S,3,5,4,512,128,on,q8_0,q8_0,62.207,13.148,ok,1.0,,1.5b,1
N,3,6,3,512,64,on,q8_0,q8_0,57.824,16.389,ok,1.0,,1.5b,
M,3,6,4,512,64,on,q8_0,q8_0,61.052,13.438,ok,1.0,,1.5b,
A,3,6,3,128,256,on,q8_0,f16,59.302,16.585,ok,1.0,,1.5b,
S,3,6,4,512,64,on,q8_0,q8_0,61.238,12.785,ok,1.0,,1.5b,1
N,3,7,3,512,64,on,q8_0,f16,54.097,16.588,ok,1.0,,1.5b,
M,3,7,4,512,128,off,q8_0,f16,56.554,12.82,ok,1.0,,1.5b,
A,3,7,3,128,256,on,q8_0,f16,58.717,16.861,ok,1.0,,1.5b,
S,3,7,4,512,128,off,q8_0,f16,64.247,13.01,ok,1.0,,1.5b,1
N,3,8,3,256,64,on,q8_0,q8_0,59.16,16.657,ok,1.0,,1.5b,
M,3,8,4,128,128,on,f16,q8_0,57.363,10.972,ok,1.0,,1.5b,
A,3,8,3,256,256,on,f16,f16,63.119,16.357,ok,1.0,,1.5b,
S,3,8,4,512,128,off,q8_0,f16,65.892,14.077,ok,1.0,,1.5b,1
N,3,9,3,256,64,on,f16,q8_0,58.599,16.597,ok,1.0,,1.5b,
M,3,9,4,256,128,off,q8_0,q8_0,,,failed,4.0,.5.0/llama-b11194/libggml-cpu-haswell.so llama_bench: error: failed to create context with model '/home/administrator/models/qwen2.5-1.5b-instruct-q4_k_m.gguf' ,1.5b,
A,3,9,3,256,256,on,f16,f16,60.782,14.258,ok,1.0,,1.5b,
S,3,9,4,128,128,off,f16,f16,63.684,13.128,ok,1.0,,1.5b,1
N,3,10,3,256,64,off,q8_0,q8_0,,,failed,4.0,.5.0/llama-b11194/libggml-cpu-haswell.so llama_bench: error: failed to create context with model '/home/administrator/models/qwen2.5-1.5b-instruct-q4_k_m.gguf' ,1.5b,
M,3,10,4,256,256,on,q8_0,q8_0,62.966,13.789,ok,1.0,,1.5b,
A,3,10,4,256,64,on,f16,f16,65.279,14.194,ok,1.0,,1.5b,
S,3,10,4,256,256,off,q8_0,f16,66.635,13.235,ok,1.0,,1.5b,1
N,3,11,3,256,64,on,f16,q8_0,59.395,16.655,ok,1.0,,1.5b,
M,3,11,4,256,256,on,q8_0,q8_0,65.357,13.3,ok,1.0,,1.5b,
A,3,11,4,256,64,on,f16,f16,64.506,14.281,ok,1.0,,1.5b,
S,3,11,4,256,256,off,q8_0,f16,65.842,13.448,ok,1.0,,1.5b,1
N,3,12,2,256,64,on,q8_0,q8_0,42.237,15.308,ok,1.0,,1.5b,
M,3,12,4,256,256,on,q8_0,q8_0,65.006,13.895,ok,1.0,,1.5b,
A,3,12,4,256,64,on,f16,f16,64.869,13.867,ok,1.0,,1.5b,
S,3,12,4,128,64,on,q8_0,f16,62.78,14.085,ok,1.0,,1.5b,1
N,3,13,3,256,256,on,q8_0,q8_0,59.231,16.179,ok,1.0,,1.5b,
M,3,13,4,256,256,on,f16,f16,67.51,11.333,ok,1.0,,1.5b,
A,3,13,4,512,64,off,f16,f16,63.161,13.928,ok,1.0,,1.5b,
S,3,13,3,256,128,off,q8_0,f16,60.995,15.759,ok,1.0,,1.5b,1
N,3,14,4,256,256,on,q8_0,q8_0,64.185,13.867,ok,1.0,,1.5b,
M,3,14,4,256,256,on,f16,f16,67.776,11.746,ok,1.0,,1.5b,
A,3,14,4,128,64,on,f16,q8_0,62.545,13.159,ok,1.0,,1.5b,
S,3,14,4,128,64,off,q8_0,f16,63.996,13.386,ok,1.0,,1.5b,1
N,3,15,4,256,256,on,f16,q8_0,65.139,13.823,ok,1.0,,1.5b,
M,3,15,4,256,256,on,f16,f16,57.351,10.573,ok,1.0,,1.5b,
A,3,15,4,256,64,off,q8_0,f16,64.279,10.34,ok,1.0,,1.5b,
S,3,15,3,512,256,off,f16,f16,54.216,11.686,ok,1.0,,1.5b,1
N,3,16,4,256,256,on,f16,q8_0,58.383,13.926,ok,1.0,,1.5b,
M,3,16,3,128,64,on,f16,f16,54.316,16.456,ok,1.0,,1.5b,
A,3,16,4,512,128,on,f16,f16,64.999,11.072,ok,1.0,,1.5b,
S,3,16,2,512,128,on,q8_0,q8_0,41.285,12.894,ok,1.0,,1.5b,1
N,3,17,4,256,256,on,q8_0,f16,59.976,11.59,ok,1.0,,1.5b,
M,3,17,3,256,64,on,f16,f16,57.322,15.071,ok,1.0,,1.5b,
A,3,17,4,512,128,on,f16,f16,38.855,8.329,ok,1.0,,1.5b,
S,3,17,4,256,64,on,f16,f16,34.992,4.417,ok,1.0,,1.5b,1
N,3,18,4,256,256,on,q8_0,q8_0,45.163,8.272,ok,1.0,,1.5b,
M,3,18,4,512,256,off,f16,f16,58.08,12.789,ok,1.0,,1.5b,
A,3,18,4,128,128,off,f16,f16,42.745,8.237,ok,1.0,,1.5b,
S,3,18,4,256,256,on,f16,q8_0,46.86,7.823,ok,1.0,,1.5b,1
N,3,19,4,512,256,on,f16,f16,53.422,7.579,ok,1.0,,1.5b,
M,3,19,2,256,256,on,f16,f16,45.357,12.021,ok,1.0,,1.5b,
A,3,19,4,256,128,on,f16,q8_0,64.766,10.028,ok,1.0,,1.5b,
S,3,19,2,512,256,off,q8_0,f16,43.05,13.128,ok,1.0,,1.5b,1
N,4,0,4,128,64,off,q8_0,f16,59.504,12.232,ok,1.0,,1.5b,
M,4,0,4,128,64,off,q8_0,f16,47.649,11.888,ok,1.0,,1.5b,
A,4,0,4,128,64,off,q8_0,f16,59.664,13.099,ok,1.0,,1.5b,
S,4,0,4,128,64,off,q8_0,f16,58.919,12.394,ok,1.0,,1.5b,0
N,4,1,2,256,64,on,f16,f16,43.376,14.428,ok,1.0,,1.5b,
M,4,1,2,256,64,on,f16,f16,45.084,14.72,ok,1.0,,1.5b,
A,4,1,2,256,64,on,f16,f16,45.305,14.728,ok,1.0,,1.5b,
S,4,1,2,256,64,on,f16,f16,39.571,16.259,ok,1.0,,1.5b,0
N,4,2,3,512,128,on,q8_0,q8_0,36.461,17.782,ok,1.0,,1.5b,
M,4,2,3,512,128,on,q8_0,q8_0,57.384,19.206,ok,1.0,,1.5b,
A,4,2,3,512,128,on,q8_0,q8_0,62.334,19.115,ok,1.0,,1.5b,
S,4,2,3,512,128,on,q8_0,q8_0,59.459,19.391,ok,1.0,,1.5b,0
N,4,3,3,512,128,on,f16,f16,48.849,16.678,ok,1.0,,1.5b,
M,4,3,3,512,128,on,f16,f16,61.16,16.496,ok,1.0,,1.5b,
A,4,3,3,512,128,on,f16,f16,54.925,14.157,ok,1.0,,1.5b,
S,4,3,3,512,128,on,f16,f16,53.383,16.9,ok,1.0,,1.5b,0
N,4,4,2,512,256,off,f16,f16,42.661,11.502,ok,1.0,,1.5b,
M,4,4,2,512,256,off,f16,f16,43.331,13.669,ok,1.0,,1.5b,
A,4,4,2,512,256,off,f16,f16,43.652,13.565,ok,1.0,,1.5b,
S,4,4,2,512,256,off,f16,f16,43.313,13.615,ok,1.0,,1.5b,0
N,4,5,4,128,64,off,q8_0,f16,53.821,13.37,ok,1.0,,1.5b,
M,4,5,4,512,128,on,f16,f16,61.112,11.707,ok,1.0,,1.5b,
A,4,5,3,512,256,on,q8_0,q8_0,54.09,14.693,ok,1.0,,1.5b,
S,4,5,3,512,256,on,q8_0,q8_0,53.417,18.169,ok,1.0,,1.5b,0
N,4,6,4,256,64,off,q8_0,q8_0,,,failed,4.0,.5.0/llama-b11194/libggml-cpu-haswell.so llama_bench: error: failed to create context with model '/home/administrator/models/qwen2.5-1.5b-instruct-q4_k_m.gguf' ,1.5b,
M,4,6,3,128,128,on,f16,f16,54.653,19.342,ok,1.0,,1.5b,
A,4,6,2,512,128,on,q8_0,q8_0,40.0,14.625,ok,1.0,,1.5b,
S,4,6,2,512,128,on,q8_0,q8_0,39.687,16.185,ok,1.0,,1.5b,0
N,4,7,4,128,128,off,f16,f16,71.597,17.735,ok,1.0,,1.5b,
M,4,7,3,512,256,on,f16,f16,61.939,15.134,ok,1.0,,1.5b,
A,4,7,4,256,128,on,q8_0,q8_0,55.916,13.318,ok,1.0,,1.5b,
S,4,7,4,256,128,on,q8_0,q8_0,58.949,14.078,ok,1.0,,1.5b,0
N,4,8,4,128,128,off,f16,q8_0,,,failed,4.0,.5.0/llama-b11194/libggml-cpu-haswell.so llama_bench: error: failed to create context with model '/home/administrator/models/qwen2.5-1.5b-instruct-q4_k_m.gguf' ,1.5b,
M,4,8,3,512,256,on,f16,q8_0,59.978,15.017,ok,1.0,,1.5b,
A,4,8,3,512,128,on,f16,q8_0,59.211,18.815,ok,1.0,,1.5b,
S,4,8,3,512,128,off,f16,q8_0,,,failed,4.0,.5.0/llama-b11194/libggml-cpu-haswell.so llama_bench: error: failed to create context with model '/home/administrator/models/qwen2.5-1.5b-instruct-q4_k_m.gguf' ,1.5b,1
N,4,9,4,256,128,off,f16,f16,58.922,8.402,ok,1.0,,1.5b,
M,4,9,3,128,64,on,q8_0,f16,45.085,10.289,ok,1.0,,1.5b,
A,4,9,3,128,128,on,q8_0,q8_0,59.366,19.441,ok,1.0,,1.5b,
S,4,9,3,128,128,on,q8_0,q8_0,63.731,19.417,ok,1.0,,1.5b,1
N,4,10,3,128,128,off,f16,f16,66.096,19.153,ok,1.0,,1.5b,
M,4,10,2,512,256,on,q8_0,f16,44.393,16.549,ok,1.0,,1.5b,
A,4,10,3,256,128,off,q8_0,f16,67.057,19.125,ok,1.0,,1.5b,
S,4,10,3,128,128,on,q8_0,f16,66.162,17.732,ok,1.0,,1.5b,1
N,4,11,4,128,256,off,f16,f16,78.07,18.731,ok,1.0,,1.5b,
M,4,11,3,512,64,on,f16,f16,68.133,19.771,ok,1.0,,1.5b,
A,4,11,4,256,128,off,q8_0,f16,78.002,18.302,ok,1.0,,1.5b,
S,4,11,3,128,128,on,q8_0,q8_0,64.529,19.458,ok,1.0,,1.5b,1
N,4,12,4,128,256,off,f16,f16,76.845,18.491,ok,1.0,,1.5b,
M,4,12,3,512,64,on,f16,f16,68.559,19.506,ok,1.0,,1.5b,
A,4,12,3,256,128,off,q8_0,f16,66.026,19.138,ok,1.0,,1.5b,
S,4,12,3,128,128,off,q8_0,f16,59.79,14.879,ok,1.0,,1.5b,1
N,4,13,4,128,256,on,f16,f16,77.438,19.417,ok,1.0,,1.5b,
M,4,13,3,512,64,off,f16,f16,66.679,18.724,ok,1.0,,1.5b,
A,4,13,4,256,256,off,q8_0,f16,71.46,18.636,ok,1.0,,1.5b,
S,4,13,3,128,128,on,q8_0,q8_0,63.447,19.595,ok,1.0,,1.5b,1
N,4,14,4,128,256,on,f16,q8_0,73.602,19.767,ok,1.0,,1.5b,
M,4,14,3,512,64,on,f16,f16,54.535,12.569,ok,1.0,,1.5b,
A,4,14,4,256,256,off,q8_0,f16,38.527,12.884,ok,1.0,,1.5b,
S,4,14,3,128,64,on,q8_0,f16,52.344,12.678,ok,1.0,,1.5b,1
N,4,15,4,128,256,on,q8_0,f16,63.154,13.554,ok,1.0,,1.5b,
M,4,15,3,256,64,on,f16,q8_0,55.684,13.576,ok,1.0,,1.5b,
A,4,15,4,256,64,on,f16,q8_0,48.34,10.327,ok,1.0,,1.5b,
S,4,15,2,128,128,on,q8_0,q8_0,42.282,15.079,ok,1.0,,1.5b,1
N,4,16,2,128,256,on,f16,f16,43.905,8.348,ok,1.0,,1.5b,
M,4,16,4,256,128,off,q8_0,q8_0,,,failed,4.0,.5.0/llama-b11194/libggml-cpu-haswell.so llama_bench: error: failed to create context with model '/home/administrator/models/qwen2.5-1.5b-instruct-q4_k_m.gguf' ,1.5b,
A,4,16,4,256,128,off,f16,f16,37.499,7.805,ok,1.0,,1.5b,
S,4,16,3,128,128,on,q8_0,f16,41.174,10.484,ok,1.0,,1.5b,1
N,4,17,4,128,256,on,f16,f16,51.267,7.391,ok,1.0,,1.5b,
M,4,17,3,512,64,on,q8_0,f16,40.982,10.7,ok,1.0,,1.5b,
A,4,17,4,256,128,off,q8_0,f16,47.238,2.638,ok,1.0,,1.5b,
S,4,17,3,256,64,on,q8_0,f16,45.266,10.928,ok,1.0,,1.5b,1
N,4,18,4,256,256,off,f16,q8_0,,,failed,4.0,.5.0/llama-b11194/libggml-cpu-haswell.so llama_bench: error: failed to create context with model '/home/administrator/models/qwen2.5-1.5b-instruct-q4_k_m.gguf' ,1.5b,
M,4,18,4,512,64,on,f16,q8_0,39.714,5.556,ok,1.0,,1.5b,
A,4,18,4,256,64,on,q8_0,f16,41.344,8.049,ok,1.0,,1.5b,
S,4,18,3,256,128,on,q8_0,q8_0,43.234,11.249,ok,1.0,,1.5b,1
N,4,19,2,128,128,off,q8_0,q8_0,,,failed,4.0,.5.0/llama-b11194/libggml-cpu-haswell.so llama_bench: error: failed to create context with model '/home/administrator/models/qwen2.5-1.5b-instruct-q4_k_m.gguf' ,1.5b,
M,4,19,2,512,64,on,f16,f16,39.472,9.392,ok,1.0,,1.5b,
A,4,19,2,128,128,off,q8_0,f16,33.379,10.232,ok,1.0,,1.5b,
S,4,19,3,128,128,on,f16,q8_0,47.555,10.272,ok,1.0,,1.5b,1
N,5,0,3,128,64,on,f16,q8_0,41.699,14.366,ok,1.0,,1.5b,
M,5,0,3,128,64,on,f16,q8_0,40.433,8.922,ok,1.0,,1.5b,
A,5,0,3,128,64,on,f16,q8_0,54.262,14.32,ok,1.0,,1.5b,
S,5,0,3,128,64,on,f16,q8_0,38.605,9.389,ok,1.0,,1.5b,0
N,5,1,3,128,128,on,q8_0,f16,39.862,9.803,ok,1.0,,1.5b,
M,5,1,3,128,128,on,q8_0,f16,35.837,6.234,ok,1.0,,1.5b,
A,5,1,3,128,128,on,q8_0,f16,42.1,10.585,ok,1.0,,1.5b,
S,5,1,3,128,128,on,q8_0,f16,41.927,10.399,ok,1.0,,1.5b,0
N,5,2,4,128,256,on,q8_0,f16,37.987,1.974,ok,1.0,,1.5b,
M,5,2,4,128,128,on,q8_0,f16,34.512,4.206,ok,1.0,,1.5b,
A,5,2,4,128,256,on,q8_0,f16,34.22,2.242,ok,1.0,,1.5b,
S,5,2,4,128,128,on,q8_0,f16,33.452,5.848,ok,1.0,,1.5b,0
N,5,3,3,128,64,off,f16,f16,39.064,10.132,ok,1.0,,1.5b,
M,5,3,3,128,64,on,f16,q8_0,39.496,12.117,ok,1.0,,1.5b,
A,5,3,3,128,64,off,f16,f16,40.727,9.944,ok,1.0,,1.5b,
S,5,3,3,128,64,on,f16,q8_0,40.835,8.31,ok,1.0,,1.5b,0
N,5,4,4,128,256,on,q8_0,q8_0,41.537,6.664,ok,1.0,,1.5b,
M,5,4,2,512,256,off,q8_0,q8_0,,,failed,4.0,.5.0/llama-b11194/libggml-cpu-haswell.so llama_bench: error: failed to create context with model '/home/administrator/models/qwen2.5-1.5b-instruct-q4_k_m.gguf' ,1.5b,
A,5,4,4,128,256,on,q8_0,q8_0,41.06,6.672,ok,1.0,,1.5b,
S,5,4,2,512,256,off,q8_0,q8_0,,,failed,4.0,.5.0/llama-b11194/libggml-cpu-haswell.so llama_bench: error: failed to create context with model '/home/administrator/models/qwen2.5-1.5b-instruct-q4_k_m.gguf' ,1.5b,1
N,5,5,2,128,64,on,f16,q8_0,33.408,3.361,ok,1.0,,1.5b,
M,5,5,2,128,64,on,f16,q8_0,36.596,4.748,ok,1.0,,1.5b,
A,5,5,2,128,64,on,f16,q8_0,32.687,8.737,ok,1.0,,1.5b,
S,5,5,3,128,128,off,q8_0,f16,44.956,10.291,ok,1.0,,1.5b,1
N,5,6,3,256,64,on,q8_0,q8_0,55.667,14.912,ok,1.0,,1.5b,
M,5,6,3,256,64,on,q8_0,q8_0,40.247,10.519,ok,1.0,,1.5b,
A,5,6,3,256,64,on,q8_0,q8_0,41.356,10.663,ok,1.0,,1.5b,
S,5,6,2,128,128,off,q8_0,f16,34.872,9.397,ok,1.0,,1.5b,1
N,5,7,3,256,64,on,q8_0,q8_0,47.935,17.662,ok,1.0,,1.5b,
M,5,7,3,128,64,off,f16,q8_0,,,failed,4.0,.5.0/llama-b11194/libggml-cpu-haswell.so llama_bench: error: failed to create context with model '/home/administrator/models/qwen2.5-1.5b-instruct-q4_k_m.gguf' ,1.5b,
A,5,7,3,128,64,on,f16,q8_0,61.497,18.791,ok,1.0,,1.5b,
S,5,7,3,256,128,off,q8_0,f16,64.389,18.623,ok,1.0,,1.5b,1
N,5,8,4,512,64,off,q8_0,q8_0,,,failed,4.0,.5.0/llama-b11194/libggml-cpu-haswell.so llama_bench: error: failed to create context with model '/home/administrator/models/qwen2.5-1.5b-instruct-q4_k_m.gguf' ,1.5b,
M,5,8,2,256,256,off,f16,f16,45.648,15.809,ok,1.0,,1.5b,
A,5,8,3,256,128,on,f16,q8_0,63.459,19.287,ok,1.0,,1.5b,
S,5,8,3,256,128,off,f16,f16,65.332,18.882,ok,1.0,,1.5b,1
N,5,9,3,256,256,on,f16,f16,66.877,19.373,ok,1.0,,1.5b,
M,5,9,2,256,256,off,f16,f16,45.886,16.092,ok,1.0,,1.5b,
A,5,9,3,256,128,on,f16,q8_0,62.712,16.725,ok,1.0,,1.5b,
S,5,9,4,256,128,off,f16,f16,60.439,16.121,ok,1.0,,1.5b,1
N,5,10,3,256,256,on,f16,f16,48.019,10.717,ok,1.0,,1.5b,
M,5,10,4,512,256,off,f16,f16,68.19,13.094,ok,1.0,,1.5b,
A,5,10,4,512,128,on,f16,q8_0,44.874,11.768,ok,1.0,,1.5b,
S,5,10,3,256,128,on,f16,q8_0,58.216,16.558,ok,1.0,,1.5b,1
N,5,11,3,256,256,off,q8_0,q8_0,,,failed,4.0,.5.0/llama-b11194/libggml-cpu-haswell.so llama_bench: error: failed to create context with model '/home/administrator/models/qwen2.5-1.5b-instruct-q4_k_m.gguf' ,1.5b,
M,5,11,4,512,256,off,f16,f16,64.783,5.53,ok,1.0,,1.5b,
A,5,11,3,256,128,on,f16,q8_0,46.437,6.529,ok,1.0,,1.5b,
S,5,11,3,256,128,off,q8_0,f16,31.665,5.73,ok,1.0,,1.5b,1
N,5,12,2,512,256,on,f16,f16,35.621,11.632,ok,1.0,,1.5b,
M,5,12,4,512,256,off,f16,f16,49.441,8.029,ok,1.0,,1.5b,
A,5,12,3,256,256,off,f16,f16,42.388,7.88,ok,1.0,,1.5b,
S,5,12,3,256,256,off,f16,f16,39.658,8.653,ok,1.0,,1.5b,1
N,5,13,4,256,256,on,f16,q8_0,43.209,2.087,ok,1.0,,1.5b,
M,5,13,4,512,64,off,q8_0,f16,39.355,8.807,ok,1.0,,1.5b,
A,5,13,3,128,128,on,q8_0,q8_0,32.928,10.228,ok,1.0,,1.5b,
S,5,13,4,256,64,off,q8_0,f16,30.264,7.4,ok,1.0,,1.5b,1
N,5,14,2,256,128,off,f16,q8_0,,,failed,4.0,.5.0/llama-b11194/libggml-cpu-haswell.so llama_bench: error: failed to create context with model '/home/administrator/models/qwen2.5-1.5b-instruct-q4_k_m.gguf' ,1.5b,
M,5,14,4,512,128,on,f16,f16,45.523,2.108,ok,1.0,,1.5b,
A,5,14,4,256,128,on,f16,q8_0,41.073,7.322,ok,1.0,,1.5b,
S,5,14,3,256,128,on,f16,f16,45.714,10.817,ok,1.0,,1.5b,1
N,5,15,2,256,64,on,q8_0,f16,44.239,15.853,ok,1.0,,1.5b,
M,5,15,4,512,64,off,f16,q8_0,,,failed,4.0,.5.0/llama-b11194/libggml-cpu-haswell.so llama_bench: error: failed to create context with model '/home/administrator/models/qwen2.5-1.5b-instruct-q4_k_m.gguf' ,1.5b,
A,5,15,3,512,256,on,f16,q8_0,62.446,19.488,ok,1.0,,1.5b,
S,5,15,3,512,128,off,f16,f16,65.686,16.969,ok,1.0,,1.5b,1
N,5,16,3,512,64,on,f16,f16,66.957,19.447,ok,1.0,,1.5b,
M,5,16,2,512,128,off,f16,f16,45.34,15.885,ok,1.0,,1.5b,
A,5,16,2,256,128,off,f16,f16,45.146,15.819,ok,1.0,,1.5b,
S,5,16,3,512,128,off,f16,f16,66.408,19.081,ok,1.0,,1.5b,1
N,5,17,3,512,64,on,f16,f16,67.769,19.592,ok,1.0,,1.5b,
M,5,17,3,512,256,off,f16,f16,66.133,18.905,ok,1.0,,1.5b,
A,5,17,2,256,256,on,f16,q8_0,43.314,16.546,ok,1.0,,1.5b,
S,5,17,3,512,64,off,f16,f16,59.486,18.265,ok,1.0,,1.5b,1
N,5,18,3,512,64,on,f16,f16,53.868,10.907,ok,1.0,,1.5b,
M,5,18,3,512,256,on,f16,f16,63.742,13.637,ok,1.0,,1.5b,
A,5,18,3,256,64,on,f16,q8_0,52.075,14.047,ok,1.0,,1.5b,
S,5,18,2,512,128,off,f16,f16,38.239,9.674,ok,1.0,,1.5b,1
N,5,19,4,512,128,on,f16,f16,66.142,13.086,ok,1.0,,1.5b,
M,5,19,3,512,256,off,f16,f16,59.7,12.985,ok,1.0,,1.5b,
A,5,19,3,256,256,on,f16,q8_0,47.75,18.458,ok,1.0,,1.5b,
S,5,19,3,512,128,off,f16,f16,61.017,17.484,ok,1.0,,1.5b,1
