arm,seed,trial,threads,batch,ubatch,fa,ctv,pp_256_ts,tg_16_ts,status,cost_units,error
N,1,0,3,128,256,on,f16,104.701,31.035,ok,1.0,
M,1,0,3,128,64,on,f16,112.188,30.01,ok,1.0,
A,1,0,3,128,256,on,f16,114.15,29.684,ok,1.0,
N,1,1,2,256,256,off,q8_0,,,failed,4.0,.5.0/llama-b11194/libggml-cpu-haswell.so llama_bench: error: failed to create context with model '/home/administrator/models/qwen2.5-0.5b-instruct-q4_k_m.gguf' 
M,1,1,2,512,64,off,f16,80.102,26.196,ok,1.0,
A,1,1,2,256,256,on,q8_0,74.592,26.874,ok,1.0,
N,1,2,4,128,64,off,f16,116.506,20.014,ok,1.0,
M,1,2,3,256,64,on,q8_0,138.695,43.185,ok,1.0,
A,1,2,4,128,64,off,f16,174.845,42.076,ok,1.0,
N,1,3,3,256,128,on,q8_0,137.057,43.418,ok,1.0,
M,1,3,4,512,64,off,q8_0,,,failed,4.0,.5.0/llama-b11194/libggml-cpu-haswell.so llama_bench: error: failed to create context with model '/home/administrator/models/qwen2.5-0.5b-instruct-q4_k_m.gguf' 
A,1,3,3,256,128,on,q8_0,137.095,42.866,ok,1.0,
N,1,4,4,256,128,off,f16,181.892,42.552,ok,1.0,
M,1,4,4,512,256,on,q8_0,108.117,39.152,ok,1.0,
A,1,4,4,256,128,off,f16,146.634,39.884,ok,1.0,
N,1,5,4,256,128,off,f16,171.519,39.735,ok,1.0,
M,1,5,3,256,64,on,f16,109.266,29.668,ok,1.0,
A,1,5,4,128,64,off,f16,171.281,40.688,ok,1.0,
N,1,6,4,512,256,off,f16,173.059,39.853,ok,1.0,
M,1,6,2,256,64,on,q8_0,91.1,33.658,ok,1.0,
A,1,6,3,512,64,on,q8_0,135.413,41.153,ok,1.0,
N,1,7,2,256,128,on,f16,100.757,35.125,ok,1.0,
M,1,7,3,256,128,on,q8_0,135.558,42.59,ok,1.0,
A,1,7,2,256,64,on,f16,99.159,33.852,ok,1.0,
N,1,8,4,512,128,off,q8_0,,,failed,4.0,.5.0/llama-b11194/libggml-cpu-haswell.so llama_bench: error: failed to create context with model '/home/administrator/models/qwen2.5-0.5b-instruct-q4_k_m.gguf' 
M,1,8,3,256,256,off,q8_0,,,failed,4.0,.5.0/llama-b11194/libggml-cpu-haswell.so llama_bench: error: failed to create context with model '/home/administrator/models/qwen2.5-0.5b-instruct-q4_k_m.gguf' 
A,1,8,4,512,256,off,f16,164.979,39.174,ok,1.0,
N,1,9,3,256,64,off,f16,119.227,39.157,ok,1.0,
M,1,9,3,128,64,on,q8_0,133.633,39.545,ok,1.0,
A,1,9,4,128,128,on,q8_0,161.477,40.791,ok,1.0,
N,1,10,2,128,128,off,f16,96.097,29.728,ok,1.0,
M,1,10,3,512,128,off,f16,132.816,34.656,ok,1.0,
A,1,10,2,128,128,off,f16,76.509,21.023,ok,1.0,
N,1,11,4,512,256,off,f16,144.886,32.144,ok,1.0,
M,1,11,3,256,128,on,q8_0,120.309,37.145,ok,1.0,
A,1,11,4,128,64,off,f16,122.829,32.204,ok,1.0,
N,1,12,4,512,128,on,f16,162.419,36.75,ok,1.0,
M,1,12,2,512,128,on,q8_0,73.908,25.448,ok,1.0,
A,1,12,4,128,64,on,f16,75.462,18.511,ok,1.0,
N,1,13,3,512,128,off,f16,93.566,26.908,ok,1.0,
M,1,13,3,256,64,on,q8_0,55.903,14.986,ok,1.0,
A,1,13,3,256,64,off,f16,71.676,13.013,ok,1.0,
N,1,14,4,256,256,off,f16,72.407,10.409,ok,1.0,
M,1,14,4,256,128,on,f16,72.171,9.424,ok,1.0,
A,1,14,4,128,64,on,q8_0,60.208,9.771,ok,1.0,
N,1,15,4,256,64,on,q8_0,59.49,11.763,ok,1.0,
M,1,15,2,256,128,off,q8_0,,,failed,4.0,.5.0/llama-b11194/libggml-cpu-haswell.so llama_bench: error: failed to create context with model '/home/administrator/models/qwen2.5-0.5b-instruct-q4_k_m.gguf' 
A,1,15,4,512,64,off,f16,47.896,9.022,ok,1.0,
N,1,16,4,512,64,off,f16,57.112,8.579,ok,1.0,
M,1,16,3,256,256,on,q8_0,67.807,24.134,ok,1.0,
A,1,16,2,128,64,off,f16,79.933,28.969,ok,1.0,
N,1,17,3,512,256,off,q8_0,,,failed,4.0,.5.0/llama-b11194/libggml-cpu-haswell.so llama_bench: error: failed to create context with model '/home/administrator/models/qwen2.5-0.5b-instruct-q4_k_m.gguf' 
M,1,17,3,128,128,off,q8_0,,,failed,4.0,.5.0/llama-b11194/libggml-cpu-haswell.so llama_bench: error: failed to create context with model '/home/administrator/models/qwen2.5-0.5b-instruct-q4_k_m.gguf' 
A,1,17,4,128,256,off,f16,39.951,10.974,ok,1.0,
N,1,18,2,512,256,on,f16,67.976,26.413,ok,1.0,
M,1,18,4,256,128,on,q8_0,94.848,28.898,ok,1.0,
A,1,18,4,512,256,on,q8_0,132.169,41.992,ok,1.0,
N,1,19,4,128,256,on,q8_0,105.192,37.994,ok,1.0,
M,1,19,3,512,64,on,q8_0,108.844,29.892,ok,1.0,
A,1,19,3,128,64,off,f16,117.752,32.905,ok,1.0,
N,2,0,4,128,128,off,f16,117.501,32.538,ok,1.0,
M,2,0,4,128,128,off,f16,107.126,31.73,ok,1.0,
A,2,0,4,128,128,off,f16,128.657,33.953,ok,1.0,
N,2,1,4,128,128,on,q8_0,123.777,25.313,ok,1.0,
M,2,1,4,128,128,on,q8_0,82.924,29.326,ok,1.0,
A,2,1,4,128,128,on,q8_0,91.163,13.316,ok,1.0,
N,2,2,2,256,64,off,f16,88.574,32.497,ok,1.0,
M,2,2,2,256,64,off,f16,84.474,28.858,ok,1.0,
A,2,2,2,256,64,off,f16,92.287,28.096,ok,1.0,
N,2,3,3,128,256,off,f16,108.033,38.334,ok,1.0,
M,2,3,3,128,128,off,f16,132.018,37.55,ok,1.0,
A,2,3,3,128,256,off,f16,104.305,33.768,ok,1.0,
N,2,4,3,256,64,off,q8_0,,,failed,4.0,.5.0/llama-b11194/libggml-cpu-haswell.so llama_bench: error: failed to create context with model '/home/administrator/models/qwen2.5-0.5b-instruct-q4_k_m.gguf' 
M,2,4,2,256,64,off,f16,94.006,32.109,ok,1.0,
A,2,4,3,256,64,on,q8_0,128.692,37.195,ok,1.0,
N,2,5,4,128,128,on,q8_0,130.62,24.991,ok,1.0,
M,2,5,3,128,128,off,f16,117.743,33.606,ok,1.0,
A,2,5,3,256,64,on,q8_0,117.621,40.622,ok,1.0,
N,2,6,2,512,128,on,q8_0,92.473,35.288,ok,1.0,
M,2,6,3,512,256,on,f16,123.927,38.778,ok,1.0,
A,2,6,2,256,256,on,q8_0,89.077,32.758,ok,1.0,
N,2,7,3,128,256,on,q8_0,67.222,15.0,ok,1.0,
M,2,7,3,256,256,off,q8_0,,,failed,4.0,.5.0/llama-b11194/libggml-cpu-haswell.so llama_bench: error: failed to create context with model '/home/administrator/models/qwen2.5-0.5b-instruct-q4_k_m.gguf' 
A,2,7,3,512,64,on,q8_0,57.885,13.875,ok,1.0,
N,2,8,4,512,128,off,q8_0,,,failed,4.0,.5.0/llama-b11194/libggml-cpu-haswell.so llama_bench: error: failed to create context with model '/home/administrator/models/qwen2.5-0.5b-instruct-q4_k_m.gguf' 
M,2,8,3,128,64,on,f16,81.982,8.07,ok,1.0,
A,2,8,3,128,64,on,q8_0,51.911,8.641,ok,1.0,
N,2,9,4,512,256,on,f16,66.289,1.674,ok,1.0,
M,2,9,3,128,128,on,q8_0,72.215,14.768,ok,1.0,
A,2,9,3,256,64,on,f16,105.267,26.234,ok,1.0,
N,2,10,2,128,64,on,q8_0,86.101,31.867,ok,1.0,
M,2,10,2,128,64,on,f16,94.337,32.032,ok,1.0,
A,2,10,2,256,128,on,q8_0,85.338,31.002,ok,1.0,
N,2,11,4,128,128,on,q8_0,63.893,2.714,ok,1.0,
M,2,11,3,512,128,on,f16,113.438,30.662,ok,1.0,
A,2,11,4,128,128,off,f16,74.145,28.757,ok,1.0,
N,2,12,4,256,128,on,q8_0,92.903,13.578,ok,1.0,
M,2,12,4,512,256,on,f16,131.287,31.212,ok,1.0,
A,2,12,4,256,256,off,f16,89.455,9.87,ok,1.0,
N,2,13,3,128,128,on,f16,130.321,35.774,ok,1.0,
M,2,13,4,512,256,on,f16,124.766,27.154,ok,1.0,
A,2,13,4,512,128,on,q8_0,116.07,31.908,ok,1.0,
N,2,14,3,512,128,on,f16,130.367,37.833,ok,1.0,
M,2,14,4,512,256,off,q8_0,,,failed,4.0,.5.0/llama-b11194/libggml-cpu-haswell.so llama_bench: error: failed to create context with model '/home/administrator/models/qwen2.5-0.5b-instruct-q4_k_m.gguf' 
A,2,14,4,128,64,off,f16,134.361,34.665,ok,1.0,
N,2,15,3,512,128,on,f16,136.761,37.79,ok,1.0,
M,2,15,4,256,256,off,f16,148.414,32.179,ok,1.0,
A,2,15,4,128,64,on,f16,136.615,8.829,ok,1.0,
N,2,16,3,512,128,off,f16,113.351,33.188,ok,1.0,
M,2,16,4,256,256,off,f16,148.644,32.862,ok,1.0,
A,2,16,2,128,64,on,f16,95.701,31.741,ok,1.0,
N,2,17,3,256,64,on,f16,126.848,26.877,ok,1.0,
M,2,17,4,256,256,off,f16,133.656,32.646,ok,1.0,
A,2,17,4,128,64,on,f16,114.836,33.528,ok,1.0,
N,2,18,4,128,64,on,f16,142.039,20.168,ok,1.0,
M,2,18,4,512,64,off,f16,82.365,34.299,ok,1.0,
A,2,18,4,128,64,off,f16,140.842,31.249,ok,1.0,
N,2,19,4,128,64,on,f16,142.244,35.839,ok,1.0,
M,2,19,4,256,256,on,q8_0,108.86,29.463,ok,1.0,
A,2,19,4,512,64,on,f16,147.903,36.406,ok,1.0,
N,3,0,3,512,128,on,q8_0,121.124,32.959,ok,1.0,
M,3,0,3,512,128,on,q8_0,125.166,38.613,ok,1.0,
A,3,0,3,512,128,on,q8_0,126.114,38.029,ok,1.0,
N,3,1,3,256,256,on,q8_0,123.264,37.725,ok,1.0,
M,3,1,3,256,256,on,q8_0,119.286,36.137,ok,1.0,
A,3,1,3,256,256,on,q8_0,125.869,37.02,ok,1.0,
N,3,2,4,256,64,off,f16,132.634,32.943,ok,1.0,
M,3,2,4,256,64,off,f16,140.087,10.164,ok,1.0,
A,3,2,4,256,64,off,f16,140.668,34.275,ok,1.0,
N,3,3,4,512,64,off,f16,129.061,33.681,ok,1.0,
M,3,3,4,512,64,off,f16,100.472,34.436,ok,1.0,
A,3,3,4,512,64,off,f16,140.041,34.5,ok,1.0,
N,3,4,2,512,64,on,f16,95.681,32.895,ok,1.0,
M,3,4,2,512,64,on,f16,95.797,30.52,ok,1.0,
A,3,4,2,512,64,on,f16,94.591,32.677,ok,1.0,
N,3,5,4,256,128,off,f16,101.664,29.284,ok,1.0,
M,3,5,4,256,128,off,f16,144.283,22.978,ok,1.0,
A,3,5,4,256,128,off,f16,145.083,33.871,ok,1.0,
N,3,6,4,256,64,off,q8_0,,,failed,4.0,.5.0/llama-b11194/libggml-cpu-haswell.so llama_bench: error: failed to create context with model '/home/administrator/models/qwen2.5-0.5b-instruct-q4_k_m.gguf' 
M,3,6,4,256,128,off,q8_0,,,failed,4.0,.5.0/llama-b11194/libggml-cpu-haswell.so llama_bench: error: failed to create context with model '/home/administrator/models/qwen2.5-0.5b-instruct-q4_k_m.gguf' 
A,3,6,4,256,128,on,q8_0,135.23,34.251,ok,1.0,
N,3,7,2,256,64,off,f16,90.786,31.673,ok,1.0,
M,3,7,2,256,128,off,f16,90.25,29.869,ok,1.0,
A,3,7,2,256,128,off,f16,90.765,23.18,ok,1.0,
N,3,8,3,256,256,off,f16,104.41,24.339,ok,1.0,
M,3,8,4,256,128,on,f16,120.62,27.161,ok,1.0,
A,3,8,4,256,128,on,f16,148.241,27.708,ok,1.0,
N,3,9,4,256,64,on,f16,144.704,34.365,ok,1.0,
M,3,9,3,256,256,off,f16,128.183,36.088,ok,1.0,
A,3,9,4,256,256,on,f16,153.236,34.881,ok,1.0,
N,3,10,4,128,64,on,f16,142.178,33.519,ok,1.0,
M,3,10,4,128,128,off,f16,144.861,32.748,ok,1.0,
A,3,10,4,128,256,on,f16,150.859,36.822,ok,1.0,
N,3,11,4,128,64,on,f16,146.815,35.194,ok,1.0,
M,3,11,4,128,128,off,f16,147.655,34.751,ok,1.0,
A,3,11,4,128,256,on,f16,151.09,34.434,ok,1.0,
N,3,12,4,256,256,on,f16,126.027,35.446,ok,1.0,
M,3,12,4,128,128,off,f16,143.174,33.675,ok,1.0,
A,3,12,2,256,256,on,f16,96.962,31.567,ok,1.0,
N,3,13,3,256,64,on,f16,136.29,38.505,ok,1.0,
M,3,13,4,128,64,on,f16,145.139,34.275,ok,1.0,
A,3,13,4,128,64,on,q8_0,134.792,36.936,ok,1.0,
N,3,14,4,256,64,on,f16,147.342,34.125,ok,1.0,
M,3,14,4,128,64,on,f16,147.083,36.551,ok,1.0,
A,3,14,4,256,256,on,f16,155.366,35.576,ok,1.0,
N,3,15,4,128,128,on,q8_0,134.98,32.702,ok,1.0,
M,3,15,3,128,64,on,f16,136.559,38.329,ok,1.0,
A,3,15,4,256,256,on,f16,155.597,36.217,ok,1.0,
N,3,16,4,512,64,on,q8_0,118.758,33.908,ok,1.0,
M,3,16,4,128,64,on,q8_0,136.355,31.024,ok,1.0,
A,3,16,4,512,256,on,q8_0,136.478,34.38,ok,1.0,
N,3,17,4,512,128,on,f16,152.082,34.836,ok,1.0,
M,3,17,3,512,128,off,f16,133.291,35.081,ok,1.0,
A,3,17,3,256,64,on,f16,137.501,37.542,ok,1.0,
N,3,18,4,512,128,on,f16,150.053,34.524,ok,1.0,
M,3,18,2,128,64,off,q8_0,,,failed,4.0,.5.0/llama-b11194/libggml-cpu-haswell.so llama_bench: error: failed to create context with model '/home/administrator/models/qwen2.5-0.5b-instruct-q4_k_m.gguf' 
A,3,18,3,256,256,off,f16,133.78,36.661,ok,1.0,
N,3,19,4,512,128,on,f16,150.171,33.704,ok,1.0,
M,3,19,4,128,128,off,f16,143.461,33.368,ok,1.0,
A,3,19,2,128,64,on,q8_0,88.246,32.891,ok,1.0,
N,4,0,4,128,64,off,q8_0,,,failed,4.0,.5.0/llama-b11194/libggml-cpu-haswell.so llama_bench: error: failed to create context with model '/home/administrator/models/qwen2.5-0.5b-instruct-q4_k_m.gguf' 
M,4,0,4,128,64,off,q8_0,,,failed,4.0,.5.0/llama-b11194/libggml-cpu-haswell.so llama_bench: error: failed to create context with model '/home/administrator/models/qwen2.5-0.5b-instruct-q4_k_m.gguf' 
A,4,0,4,128,64,on,q8_0,137.248,34.172,ok,1.0,
N,4,1,2,256,64,off,f16,87.826,30.708,ok,1.0,
M,4,1,2,256,64,off,f16,79.652,30.8,ok,1.0,
A,4,1,2,256,64,off,f16,82.224,29.884,ok,1.0,
N,4,2,4,512,64,on,f16,103.851,34.904,ok,1.0,
M,4,2,4,512,64,on,f16,100.703,9.707,ok,1.0,
A,4,2,4,512,64,on,f16,131.889,32.542,ok,1.0,
N,4,3,2,128,128,off,f16,88.998,21.812,ok,1.0,
M,4,3,2,128,128,off,f16,89.763,30.389,ok,1.0,
A,4,3,2,128,128,off,f16,94.935,23.608,ok,1.0,
N,4,4,2,256,256,on,q8_0,78.948,24.659,ok,1.0,
M,4,4,2,256,256,on,q8_0,86.794,26.884,ok,1.0,
A,4,4,2,256,256,on,q8_0,87.202,31.186,ok,1.0,
N,4,5,4,512,64,on,f16,130.7,35.127,ok,1.0,
M,4,5,4,512,64,on,f16,148.377,33.687,ok,1.0,
A,4,5,4,128,64,on,q8_0,135.665,32.963,ok,1.0,
N,4,6,3,512,256,on,f16,124.622,36.941,ok,1.0,
M,4,6,3,512,256,on,f16,135.316,37.377,ok,1.0,
A,4,6,3,128,256,on,q8_0,117.593,37.931,ok,1.0,
N,4,7,4,512,128,on,q8_0,123.712,24.614,ok,1.0,
M,4,7,4,512,128,on,q8_0,139.22,34.128,ok,1.0,
A,4,7,4,512,128,on,q8_0,131.862,34.076,ok,1.0,
N,4,8,4,256,128,on,f16,135.934,33.768,ok,1.0,
M,4,8,4,256,128,on,f16,150.603,34.562,ok,1.0,
A,4,8,4,128,128,on,q8_0,139.353,32.589,ok,1.0,
N,4,9,4,256,128,on,f16,141.292,31.556,ok,1.0,
M,4,9,4,256,128,on,f16,151.007,33.024,ok,1.0,
A,4,9,4,128,128,on,q8_0,140.823,34.797,ok,1.0,
N,4,10,3,256,128,on,q8_0,120.856,38.39,ok,1.0,
M,4,10,3,256,128,on,q8_0,125.996,38.192,ok,1.0,
A,4,10,3,256,128,on,f16,138.762,36.756,ok,1.0,
N,4,11,4,256,128,on,f16,150.506,34.901,ok,1.0,
M,4,11,4,256,128,on,f16,151.657,35.342,ok,1.0,
A,4,11,4,128,128,on,q8_0,137.91,33.786,ok,1.0,
N,4,12,4,256,128,off,f16,141.282,32.856,ok,1.0,
M,4,12,4,256,128,off,f16,144.41,33.649,ok,1.0,
A,4,12,4,128,256,on,f16,149.088,33.908,ok,1.0,
N,4,13,4,128,128,on,f16,151.364,32.798,ok,1.0,
M,4,13,4,128,128,on,f16,149.251,33.253,ok,1.0,
A,4,13,4,128,256,on,f16,154.164,36.044,ok,1.0,
N,4,14,3,128,128,on,f16,139.797,39.327,ok,1.0,
M,4,14,2,256,128,on,f16,98.73,32.677,ok,1.0,
A,4,14,4,128,256,on,f16,149.338,3.097,ok,1.0,
N,4,15,4,128,128,on,f16,87.812,34.114,ok,1.0,
M,4,15,3,256,128,on,f16,140.962,38.747,ok,1.0,
A,4,15,3,512,256,on,f16,140.775,38.293,ok,1.0,
N,4,16,4,128,256,on,f16,153.253,35.326,ok,1.0,
M,4,16,4,256,256,on,f16,156.989,36.322,ok,1.0,
A,4,16,4,256,256,off,f16,149.122,34.04,ok,1.0,
N,4,17,4,128,256,on,f16,100.011,30.759,ok,1.0,
M,4,17,4,256,256,on,f16,144.871,35.461,ok,1.0,
A,4,17,3,128,64,on,f16,136.671,37.373,ok,1.0,
N,4,18,4,128,256,off,f16,145.721,33.155,ok,1.0,
M,4,18,4,128,128,off,f16,147.961,32.487,ok,1.0,
A,4,18,2,128,256,on,f16,96.039,33.122,ok,1.0,
N,4,19,2,128,256,on,f16,96.485,32.089,ok,1.0,
M,4,19,3,256,256,off,f16,129.241,37.068,ok,1.0,
A,4,19,4,256,256,on,f16,160.444,35.17,ok,1.0,
N,5,0,3,128,64,on,f16,134.39,39.12,ok,1.0,
M,5,0,3,128,64,on,f16,137.666,38.227,ok,1.0,
A,5,0,3,128,64,on,f16,131.955,31.665,ok,1.0,
N,5,1,3,512,128,on,f16,140.686,38.595,ok,1.0,
M,5,1,3,512,128,on,f16,138.27,38.754,ok,1.0,
A,5,1,3,512,128,on,f16,139.603,38.735,ok,1.0,
N,5,2,3,512,128,on,q8_0,127.223,39.137,ok,1.0,
M,5,2,3,512,128,on,q8_0,126.02,37.982,ok,1.0,
A,5,2,3,512,128,on,q8_0,127.973,37.13,ok,1.0,
N,5,3,2,256,128,on,f16,97.37,29.566,ok,1.0,
M,5,3,2,256,128,on,f16,97.547,32.133,ok,1.0,
A,5,3,2,256,128,on,f16,96.939,31.629,ok,1.0,
N,5,4,4,256,64,off,f16,113.925,31.976,ok,1.0,
M,5,4,4,256,64,off,f16,133.24,33.285,ok,1.0,
A,5,4,4,256,64,off,f16,138.096,30.325,ok,1.0,
N,5,5,3,512,256,on,f16,141.873,38.673,ok,1.0,
M,5,5,3,512,256,on,f16,138.515,37.626,ok,1.0,
A,5,5,3,512,256,on,f16,139.66,39.106,ok,1.0,
N,5,6,4,512,256,on,f16,158.875,36.12,ok,1.0,
M,5,6,4,512,256,on,f16,127.675,32.105,ok,1.0,
A,5,6,4,512,256,on,f16,158.314,34.293,ok,1.0,
N,5,7,4,512,256,off,f16,130.005,33.597,ok,1.0,
M,5,7,3,512,256,off,f16,134.786,35.764,ok,1.0,
A,5,7,4,512,256,off,f16,149.793,34.146,ok,1.0,
N,5,8,4,256,256,on,q8_0,113.053,31.139,ok,1.0,
M,5,8,3,256,256,on,f16,140.412,38.801,ok,1.0,
A,5,8,4,256,256,on,q8_0,139.909,15.78,ok,1.0,
N,5,9,4,128,256,on,f16,136.387,36.961,ok,1.0,
M,5,9,3,256,128,off,f16,113.998,21.408,ok,1.0,
A,5,9,4,128,256,on,f16,138.655,33.849,ok,1.0,
N,5,10,4,512,64,on,f16,69.9,18.748,ok,1.0,
M,5,10,3,256,256,on,q8_0,103.673,36.622,ok,1.0,
A,5,10,4,512,64,on,f16,115.938,17.151,ok,1.0,
N,5,11,2,512,256,on,f16,98.699,31.283,ok,1.0,
M,5,11,3,256,256,on,f16,144.112,41.629,ok,1.0,
A,5,11,4,512,256,off,f16,162.305,40.546,ok,1.0,
N,5,12,3,512,256,on,f16,144.737,41.094,ok,1.0,
M,5,12,3,256,256,on,f16,146.563,42.73,ok,1.0,
A,5,12,4,512,256,on,f16,172.125,44.405,ok,1.0,
N,5,13,4,512,256,on,f16,169.871,42.878,ok,1.0,
M,5,13,4,128,128,off,q8_0,,,failed,4.0,.5.0/llama-b11194/libggml-cpu-haswell.so llama_bench: error: failed to create context with model '/home/administrator/models/qwen2.5-0.5b-instruct-q4_k_m.gguf' 
A,5,13,2,512,256,on,q8_0,89.502,34.037,ok,1.0,
N,5,14,4,512,256,on,f16,173.784,43.702,ok,1.0,
M,5,14,2,256,256,off,f16,94.458,32.497,ok,1.0,
A,5,14,4,512,128,on,q8_0,157.012,44.851,ok,1.0,
N,5,15,3,128,256,off,q8_0,,,failed,4.0,.5.0/llama-b11194/libggml-cpu-haswell.so llama_bench: error: failed to create context with model '/home/administrator/models/qwen2.5-0.5b-instruct-q4_k_m.gguf' 
M,5,15,2,128,64,on,f16,98.234,34.03,ok,1.0,
A,5,15,2,128,256,off,f16,95.947,32.385,ok,1.0,
N,5,16,2,128,128,off,q8_0,,,failed,4.0,.5.0/llama-b11194/libggml-cpu-haswell.so llama_bench: error: failed to create context with model '/home/administrator/models/qwen2.5-0.5b-instruct-q4_k_m.gguf' 
M,5,16,4,256,256,on,f16,164.249,40.973,ok,1.0,
A,5,16,3,512,64,on,q8_0,137.978,42.489,ok,1.0,
N,5,17,2,512,256,off,q8_0,,,failed,4.0,.5.0/llama-b11194/libggml-cpu-haswell.so llama_bench: error: failed to create context with model '/home/administrator/models/qwen2.5-0.5b-instruct-q4_k_m.gguf' 
M,5,17,4,256,64,on,q8_0,158.098,41.923,ok,1.0,
A,5,17,3,256,256,on,q8_0,134.375,42.387,ok,1.0,
N,5,18,4,512,256,on,q8_0,157.444,43.136,ok,1.0,
M,5,18,4,256,64,on,q8_0,156.156,45.039,ok,1.0,
A,5,18,4,512,128,off,f16,167.709,40.739,ok,1.0,
N,5,19,4,256,256,on,f16,172.003,40.748,ok,1.0,
M,5,19,4,256,128,on,q8_0,157.359,44.935,ok,1.0,
A,5,19,2,512,128,off,f16,96.61,33.494,ok,1.0,
