arm,seed,threads,batch,ubatch,fa,ctk,ctv,pp256_r5,tg16_r5,status
N,1,4,256,64,off,q8_0,f16,51.355073,11.884049,ok
N,2,4,128,128,off,f16,f16,63.621448,8.760219,ok
N,3,4,256,256,on,f16,q8_0,64.486834,11.711044,ok
N,4,4,128,256,off,f16,f16,63.469291,12.62651,ok
N,5,3,512,64,on,f16,f16,63.206752,15.595475,ok
M,1,4,512,128,on,f16,f16,62.554643,13.090908,ok
M,2,4,128,64,off,q8_0,f16,49.522195,12.030012,ok
M,3,4,256,256,on,f16,f16,64.290564,12.616779,ok
M,4,3,512,64,on,f16,f16,61.714866,16.271825,ok
M,5,4,512,256,off,f16,f16,46.463577,12.679937,ok
A,1,4,512,256,off,q8_0,f16,69.229433,18.388438,ok
A,2,4,128,64,off,f16,f16,75.390794,18.662995,ok
A,3,4,256,64,on,f16,f16,74.034104,19.120014,ok
A,4,4,256,128,off,q8_0,f16,73.051423,18.291657,ok
A,5,3,256,128,on,f16,q8_0,63.9981,17.802334,ok
S,1,4,128,128,on,f16,q8_0,70.438224,16.61996,ok
S,2,4,512,256,off,q8_0,f16,76.320177,18.683983,ok
S,3,4,256,256,off,q8_0,f16,74.002172,17.60218,ok
S,4,3,128,128,on,q8_0,f16,64.654599,17.906672,ok
S,5,3,512,128,off,f16,f16,63.259196,18.60151,ok
