seed,arm,threads,batch,ubatch,fa,ctk,ctv,pp256_r3,status
1,N,4,256,64,off,q8_0,f16,38.85867,ok
1,M,4,512,128,on,f16,f16,41.645269,ok
1,A,4,512,256,off,q8_0,f16,48.497072,ok
1,S,4,128,128,on,f16,q8_0,63.261003,ok
2,N,4,128,128,off,f16,f16,63.928581,ok
2,M,4,128,64,off,q8_0,f16,60.634754,ok
2,A,4,128,64,off,f16,f16,58.994172,ok
2,S,4,512,256,off,q8_0,f16,64.429582,ok
3,N,4,256,256,on,f16,q8_0,63.438784,ok
3,M,4,256,256,on,f16,f16,73.960486,ok
3,A,4,256,64,on,f16,f16,65.073314,ok
3,S,4,256,256,off,q8_0,f16,63.378552,ok
4,N,4,128,256,off,f16,f16,34.7922,ok
4,M,3,512,64,on,f16,f16,42.203983,ok
4,A,4,256,128,off,q8_0,f16,38.695891,ok
4,S,3,128,128,on,q8_0,f16,45.566823,ok
5,N,3,512,64,on,f16,f16,57.980593,ok
5,M,4,512,256,off,f16,f16,63.024611,ok
5,A,3,256,128,on,f16,q8_0,43.251941,ok
5,S,3,512,128,off,f16,f16,47.182311,ok
